address_centr,LAT_LON_centr
"southern pines, NC, USA","(35.1740471, -79.3922539)"
"spokane valley, WA, USA","(47.6571104, -117.2613936)"
"los angeles, CA, USA","(34.0536909, -118.242766)"
"dallas, TX, USA","(32.7762719, -96.7968559)"
"philadelphia, PA, USA","(39.9527237, -75.1635262)"
"poinciana, FL, USA","(28.1743275, -81.49322346187505)"
"mason city, IA, USA","(43.1524574, -93.2017941)"
"houston, TX, USA","(29.7589382, -95.3676974)"
"flushing, NY, USA","(40.7654301, -73.8174291)"
"pembroke pines, FL, USA","(26.0061943, -80.2872086)"
"eugene, OR, USA","(44.0505054, -123.0950506)"
"fort lauderdale, FL, USA","(26.1223084, -80.1433786)"
"new york, NY, USA","(40.7127281, -74.0060152)"
"tomball, TX, USA","(30.0971621, -95.6160549)"
"palmdale, CA, USA","(34.5793131, -118.11711)"
"bend, OR, USA","(44.0581728, -121.3153096)"
"miami beach, FL, USA","(25.7929198, -80.1353006)"
"spring, TX, USA","(30.0795707, -95.4187924)"
"killeen, TX, USA","(31.1171441, -97.727796)"
"washington, DC, USA","(38.8950368, -77.0365427)"
"davie, FL, USA","(26.07441465, -80.28402569275804)"
"brooklyn, NY, USA","(40.6526006, -73.9497211)"
"tampa, FL, USA","(27.9477595, -82.458444)"
"pt saint lucie, FL, USA","(27.2939333, -80.3503283)"
"north miami beach, FL, USA","(25.9331488, -80.1625463)"
"jacksonville, FL, USA","(30.3321838, -81.655651)"
"charlotte, NC, USA","(35.2272086, -80.8430827)"
"fresno, CA, USA","(36.7394421, -119.78483)"
"miami, FL, USA","(25.7741728, -80.19362)"
"weston, FL, USA","(26.1003392, -80.399513)"
"las vegas, NV, USA","(36.1672559, -115.148516)"
"sylmar, CA, USA","(34.3076252, -118.4492148)"
"tyler, TX, USA","(30.7563939, -94.3984613)"
"fort worth, TX, USA","(32.753177, -97.3327459)"
"beechhurst, NY, USA","(40.7914903, -73.8045781)"
"portland, OR, USA","(45.5202471, -122.674194)"
"hapeville, GA, USA","(33.660109, -84.4102046)"
"woodway, WA, USA","(47.7900365, -122.382362)"
"durham, NC, USA","(35.996653, -78.9018053)"
"hernando beach, FL, USA","(28.4767735, -82.65917292611684)"
"temple terrace, FL, USA","(28.0352964, -82.3892596)"
"plantation, FL, USA","(27.0637262, -82.3651631)"
"atlanta, GA, USA","(33.7489924, -84.3902644)"
"san antonio, TX, USA","(29.4246002, -98.4951405)"
"chicago, IL, USA","(41.8755616, -87.6244212)"
"seattle, WA, USA","(47.6038321, -122.330062)"
"port charlotte, FL, USA","(26.982419999999998, -82.10688734598534)"
"saint johns, FL, USA","(29.9032284, -81.4145468)"
"kissimmee, FL, USA","(28.2918995, -81.4075838)"
"spokane, WA, USA","(47.6571934, -117.42351)"
"the woodlands, TX, USA","(30.1734194, -95.504686)"
"port saint lucie, FL, USA","(27.2939333, -80.3503283)"
"panama city beach, FL, USA","(30.1765914, -85.805386)"
"kew gardens, NY, USA","(40.7139415, -73.830742)"
"bloomington, IL, USA","(40.4797828, -88.9939147)"
"orlando, FL, USA","(28.5421109, -81.3790304)"
"palm coast, FL, USA","(29.5541432, -81.2207673)"
"burien, WA, USA","(47.469918, -122.3485274)"
"mint hill, NC, USA","(35.1735388, -80.6570377)"
"lauderdale lakes, FL, USA","(26.1667184, -80.2085565)"
"lauderhill, FL, USA","(26.157597600000003, -80.22537761054471)"
"columbus, GA, USA","(32.4610708, -84.9880449)"
"valley view, OH, USA","(41.3878312, -81.6045685)"
"lakeway, TX, USA","(30.3644888, -97.9875325)"
"coral gables, FL, USA","(25.7331105, -80.2585107)"
"columbus, IN, USA","(39.2014405, -85.9213796)"
"westlake, OH, USA","(41.4553232, -81.9179174)"
"north hollywood, CA, USA","(34.1649502, -118.374752)"
"mckinney, TX, USA","(33.1976496, -96.6154471)"
"san jose, CA, USA","(37.3361663, -121.890591)"
"bayside, NY, USA","(40.7684351, -73.7770774)"
"cape coral, FL, USA","(26.5625742, -81.9438802)"
"huntington beach, CA, USA","(33.6783336, -118.0000166)"
"austin, TX, USA","(30.2711286, -97.7436995)"
"nashville, TN, USA","(36.1622767, -86.7742984)"
"chattanooga, TN, USA","(35.0457219, -85.3094883)"
"west valley city, UT, USA","(40.6967254, -111.986821)"
"indianapolis, IN, USA","(39.7683331, -86.1583502)"
"detroit, MI, USA","(42.3315509, -83.0466403)"
"adel, GA, USA","(31.1371358, -83.4234936)"
"jamaica, NY, USA","(40.7029134, -73.8006429)"
"hollywood, FL, USA","(26.0112014, -80.1494901)"
"el paso, TX, USA","(31.7550511, -106.488234)"
"st petersburg, FL, USA","(27.7700475, -82.6359078)"
"saint pete beach, FL, USA","(27.7253065, -82.741212)"
"college station, TX, USA","(30.6183939, -96.3455991)"
"ocala, FL, USA","(29.1871986, -82.1400923)"
"sacramento, CA, USA","(38.5810606, -121.493895)"
"cleveland, OH, USA","(41.4996574, -81.6936772)"
"grand prairie, TX, USA","(32.7459645, -96.9977846)"
"clearwater, FL, USA","(27.9658533, -82.8001026)"
"reno, NV, USA","(39.5261206, -119.8126581)"
"bronx, NY, USA","(40.8466508, -73.8785937)"
"hialeah, FL, USA","(25.8575963, -80.2781057)"
"moultrie, GA, USA","(31.179998, -83.7887928)"
"athens, GA, USA","(33.9597677, -83.376398)"
"lehigh acres, FL, USA","(26.6040585, -81.65813327163374)"
"pineville, NC, USA","(35.0855409, -80.8871253)"
"kingsport, TN, USA","(36.550238, -82.5594293)"
"staten island, NY, USA","(40.5834557, -74.1496048)"
"saint petersburg, FL, USA","(27.7700475, -82.6359078)"
"tallahassee, FL, USA","(30.4380832, -84.2809332)"
"charlotte, VT, USA","(44.3105141, -73.2531419)"
"amarillo, TX, USA","(35.2072185, -101.833824)"
"temple, TX, USA","(31.098207, -97.3427847)"
"parkland, FL, USA","(26.3100794, -80.23727)"
"broadview heights, OH, USA","(41.3139426, -81.6851271)"
"tacoma, WA, USA","(47.2455013, -122.438329)"
"west palm beach, FL, USA","(26.715364, -80.0532942)"
"cincinnati, OH, USA","(39.1014537, -84.5124602)"
"surprise, AZ, USA","(33.629247, -112.3681428)"
"shoreline, WA, USA","(47.7564667, -122.3437497)"
"yonkers, NY, USA","(40.9312099, -73.8987469)"
"pasadena, CA, USA","(34.1476507, -118.144155)"
"kingwood, TX, USA","(30.0497077, -95.1846301)"
"sachse, TX, USA","(32.9762327, -96.5952703)"
"helotes, TX, USA","(29.5635688, -98.6884208)"
"south pasadena, FL, USA","(27.7550276, -82.7376009)"
"oakland, CA, USA","(37.8044557, -122.271356)"
"buffalo, NY, USA","(42.8867166, -78.8783922)"
"bryan, TX, USA","(30.6743643, -96.3699632)"
"peoria, AZ, USA","(33.5806115, -112.237294)"
"san marino, CA, USA","(34.1215947, -118.105739)"
"sterling heights, MI, USA","(42.5803122, -83.0302033)"
"binghamton, NY, USA","(42.098698, -75.9125187)"
"olmsted falls, OH, USA","(41.375049, -81.9081937)"
"west hollywood, CA, USA","(34.0923014, -118.3692894)"
"pensacola, FL, USA","(30.421309, -87.2169149)"
"palmetto bay, FL, USA","(25.6217715, -80.3247748)"
"little neck, NY, USA","(40.7745338, -73.7412564)"
"kirkland, WA, USA","(47.6765382, -122.2070775)"
"mercer island, WA, USA","(47.5602073, -122.22014226861951)"
"goodyear, AZ, USA","(33.4073522, -112.39348)"
"riverside, CA, USA","(33.7219991, -116.0372472)"
"litchfield park, AZ, USA","(33.4933796, -112.358124)"
"bethesda, MD, USA","(38.98127255, -77.12335871396549)"
"memphis, TN, USA","(35.1460249, -90.0517638)"
"watersound, FL, USA","(30.28815, -86.0452972)"
"round rock, TX, USA","(30.5085915, -97.6788056)"
"denver, CO, USA","(39.7392364, -104.984862)"
"madeira beach, FL, USA","(27.7980814, -82.7973247)"
"navasota, TX, USA","(30.3885033, -96.0880028)"
"longmont, CO, USA","(40.1672117, -105.101928)"
"cleveland, TX, USA","(30.3414794, -95.0900115)"
"winston salem, NC, USA","(36.0998131, -80.2440518)"
"escondido, CA, USA","(33.1216751, -117.0814849)"
"miramar, FL, USA","(25.9873137, -80.2322706)"
"asheville, NC, USA","(35.595363, -82.5508407)"
"san diego, CA, USA","(32.7174202, -117.162772)"
"richmond, TX, USA","(29.5821811, -95.7607832)"
"clarksville, TN, USA","(36.5277607, -87.3588703)"
"hixson, TN, USA","(35.1414606, -85.1746774)"
"brooksville, FL, USA","(28.5552719, -82.3878709)"
"monterey park, CA, USA","(34.051522, -118.129807)"
"moreno valley, CA, USA","(33.937517, -117.2305944)"
"lacey, WA, USA","(47.0263876, -122.8072257)"
"boston, MA, USA","(42.3554334, -71.060511)"
"forest hills, NY, USA","(40.723100900000006, -73.84661252338407)"
"hastings, MI, USA","(42.6458683, -85.2908404)"
"long island city, NY, USA","(40.7415095, -73.9569751)"
"murrieta, CA, USA","(33.560832, -117.210656)"
"kirby, TX, USA","(29.4613454, -98.3857901)"
"olympia, WA, USA","(47.0451022, -122.8950075)"
"pinecrest, FL, USA","(25.6670476, -80.3081074)"
"anaheim, CA, USA","(33.8347516, -117.911732)"
"lakewood, CO, USA","(39.7085736, -105.0846694)"
"bothell, WA, USA","(47.7623204, -122.2054035)"
"sarasota, FL, USA","(27.3365805, -82.5308545)"
"ringgold, GA, USA","(34.91591, -85.1091173)"
"raleigh, NC, USA","(35.7803977, -78.6390989)"
"long beach, CA, USA","(33.7690164, -118.191604)"
"vancouver, WA, USA","(45.6306954, -122.6744557)"
"wilmington, NC, USA","(34.2257282, -77.9447107)"
"wesley chapel, NC, USA","(35.0070935, -80.6745131)"
"springfield, IL, USA","(39.7990175, -89.6439575)"
"rotonda west, FL, USA","(26.879438999999998, -82.28068480902428)"
"south ozone park, NY, USA","(40.6701035, -73.8190231)"
"aurora, CO, USA","(39.7405111, -104.830994)"
"sun valley, CA, USA","(34.2204227, -118.3878945)"
"la jolla, CA, USA","(32.8401623, -117.2740777)"
"phoenix, AZ, USA","(33.4484367, -112.074141)"
"lake balboa, CA, USA","(34.1938237, -118.5010456)"
"santa clarita, CA, USA","(34.4127963, -118.5538088)"
"knoxville, TN, USA","(35.9603948, -83.9210261)"
"dania beach, FL, USA","(26.0538446, -80.15739450762361)"
"ashville, OH, USA","(39.7156186, -82.9529584)"
"pompano beach, FL, USA","(26.2378597, -80.1247667)"
"league city, TX, USA","(29.5074538, -95.0949303)"
"converse, TX, USA","(29.5180081, -98.3161241)"
"tamarac, FL, USA","(26.2048464, -80.27080479659301)"
"irvine, CA, USA","(33.6856969, -117.825981)"
"tujunga, CA, USA","(34.252225, -118.2884105)"
"palm bay, FL, USA","(27.9946969, -80.6366144)"
"reddick, FL, USA","(29.3666393, -82.1973184)"
"chatsworth, CA, USA","(34.2595715, -118.6023247)"
"corpus christi, TX, USA","(27.7635302, -97.4033191)"
"yakima, WA, USA","(46.601557, -120.510842)"
"chino, CA, USA","(34.0133561, -117.690075)"
"garland, TX, USA","(32.912624, -96.6388833)"
"shaker heights, OH, USA","(41.4739419, -81.5370671)"
"fayetteville, NC, USA","(35.0525759, -78.878292)"
"babcock ranch, FL, USA","(26.7896062, -81.74602817653673)"
"salt lake city, UT, USA","(40.7596198, -111.886797)"
"tigard, OR, USA","(45.4307473, -122.771933)"
"longview, TX, USA","(32.5007031, -94.74049)"
"pottstown, PA, USA","(40.2452976, -75.6496424)"
"gastonia, NC, USA","(35.2622654, -81.1838186)"
"san francisco, CA, USA","(37.7792588, -122.4193286)"
"boulder, CO, USA","(40.0149856, -105.270545)"
"buckeye, AZ, USA","(33.3703197, -112.583776)"
"bellevue, WA, USA","(47.6144219, -122.192337)"
"vacaville, CA, USA","(38.3565773, -121.9877444)"
"macon, GA, USA","(32.8406946, -83.6324022)"
"south lyon, MI, USA","(42.451377, -83.659179)"
"university place, WA, USA","(47.2258172, -122.5371325)"
"cherryville, NC, USA","(35.3787442, -81.3789739)"
"santa ana, CA, USA","(33.7494951, -117.873221)"
"antioch, TN, USA","(36.0600602, -86.6722192)"
"west covina, CA, USA","(34.0686208, -117.9389526)"
"spring hill, FL, USA","(28.4635266, -82.5363557)"
"cleveland, TN, USA","(35.1595182, -84.8766115)"
"miami shores, FL, USA","(25.8631515, -80.1928253)"
"taylorsville, UT, USA","(40.6676347, -111.9388027)"
"bellingham, WA, USA","(48.7525309, -122.46083928000118)"
"st johns, FL, USA","(29.9032284, -81.4145468)"
"ventura, CA, USA","(34.4458248, -119.0779359)"
"laredo, TX, USA","(27.5056251, -99.5074517)"
"newport, NY, USA","(43.185904, -75.014648)"
"garfield heights, OH, USA","(41.4169974, -81.6059581)"
"capitol heights, MD, USA","(38.8849913, -76.9134765)"
"mount holly, NC, USA","(35.2976298, -81.0161686)"
"seven hills, OH, USA","(41.3953304, -81.6762392)"
"edinburg, TX, USA","(26.3013982, -98.1624501)"
"winnetka, CA, USA","(34.2013207, -118.5711037)"
"midland, TX, USA","(31.83688, -102.0103767)"
"hollywood park, TX, USA","(29.6005047, -98.48724)"
"roanoke, TX, USA","(33.0040126, -97.2258483)"
"concord, NC, USA","(35.4094178, -80.5800049)"
"allentown, PA, USA","(40.6022059, -75.4712794)"
"lakeland, FL, USA","(28.0394654, -81.9498042)"
"ferndale, MI, USA","(42.4605917, -83.1346478)"
"lake worth, TX, USA","(32.8048507, -97.44502)"
"clinton, MD, USA","(38.7651145, -76.8983059)"
"gainesville, FL, USA","(29.6519684, -82.3249846)"
"cutler bay, FL, USA","(25.5783, -80.3377)"
"strongsville, OH, USA","(41.3144733, -81.83511)"
"roseville, CA, USA","(38.7521235, -121.2880059)"
"cottonwood heights, UT, USA","(40.613474, -111.8256464)"
"reunion, FL, USA","(28.2803414, -81.6080704)"
"arleta, CA, USA","(34.2413266, -118.4322047)"
"south euclid, OH, USA","(41.5231076, -81.5184553)"
"arlington, VA, USA","(38.8769326, -77.0893094)"
"franklin, TN, USA","(35.1680139, -86.1084401)"
"joelton, TN, USA","(36.3131076, -86.8652772)"
"commerce city, CO, USA","(39.8083196, -104.9338675)"
"lackawanna, NY, USA","(42.8257735, -78.823648)"
"sunrise, FL, USA","(26.1666888, -80.2787573)"
"punta gorda, FL, USA","(26.9351529, -82.0512058)"
"bonita springs, FL, USA","(26.339806, -81.7786972)"
"gainesville, GA, USA","(34.2978794, -83.8240663)"
"horizon city, TX, USA","(31.6926121, -106.207479)"
"syracuse, NY, USA","(43.0481221, -76.1474244)"
"brighton, CO, USA","(39.983721, -104.8110775)"
"chula vista, CA, USA","(32.6400541, -117.084195)"
"waco, TX, USA","(31.5491899, -97.1474628)"
"el cajon, CA, USA","(32.7947731, -116.962526)"
"oak park, MI, USA","(42.4595317, -83.1821445)"
"miami gardens, FL, USA","(25.9420377, -80.2456045)"
"everett, WA, USA","(47.9793437, -122.2127011)"
"thornton, IL, USA","(41.5725811, -87.6095281)"
"renton, WA, USA","(47.4799078, -122.2034496)"
"aventura, FL, USA","(25.9653698, -80.1428234)"
"victorville, CA, USA","(34.5361067, -117.2911565)"
"albion, MI, USA","(42.243097, -84.7530304)"
"auburn, WA, USA","(47.3075369, -122.2301808)"
"coral springs, FL, USA","(26.271192, -80.2706044)"
"happy valley, OR, USA","(45.428679, -122.497174)"
"richardson, TX, USA","(32.9481789, -96.7297206)"
"cleveland heights, OH, USA","(41.5200518, -81.556235)"
"southwest ranches, FL, USA","(26.0586543, -80.3381531)"
"fisher island, FL, USA","(25.7598373, -80.14003652640545)"
"hazard, KY, USA","(37.2489635, -83.1933893)"
"st pete beach, FL, USA","(27.7253065, -82.741212)"
"north richland hills, TX, USA","(32.8342952, -97.2289029)"
"saint louis, MO, USA","(38.6280278, -90.1910154)"
"university park, TX, USA","(32.8551267, -96.7919454)"
"los fresnos, TX, USA","(26.0714502, -97.4770792)"
"vista, CA, USA","(33.2021284, -117.2424787)"
"suitland, MD, USA","(38.850133799999995, -76.9256744274507)"
"chickamauga, GA, USA","(34.8711497, -85.2902472)"
"glendale, AZ, USA","(33.5386858, -112.185994)"
"irving, TX, USA","(32.8295183, -96.9442177)"
"norwalk, CA, USA","(33.9092802, -118.0849169)"
"denton, TX, USA","(33.1838787, -97.1413417)"
"fullerton, CA, USA","(33.8708215, -117.929416)"
"rialto, CA, USA","(34.1064001, -117.3703235)"
"belleair, FL, USA","(27.9358543, -82.8062139)"
"brentwood, TN, USA","(36.0325687, -86.7825235)"
"surfside, FL, USA","(25.8784285, -80.1256007)"
"lakewood, OH, USA","(41.4819932, -81.7981908)"
"doral, FL, USA","(25.8184725, -80.35396791309786)"
"weddington, NC, USA","(35.0223708, -80.7609035)"
"haslet, TX, USA","(32.9616819, -97.34048541765975)"
"fairfield, VA, USA","(37.8792991, -79.2894784)"
"downey, CA, USA","(33.9404441, -118.1292846)"
"bay harbor islands, FL, USA","(25.8875948, -80.1311564)"
"union gap, WA, USA","(46.5573492, -120.475063)"
"north bay village, FL, USA","(25.8462075, -80.1539351)"
"van nuys, CA, USA","(34.1866193, -118.4486675)"
"hendersonville, TN, USA","(36.3049177, -86.621443)"
"sunnyvale, CA, USA","(37.3688301, -122.036349)"
"north miami, FL, USA","(25.90560775, -80.17506955013091)"
"glendale, CA, USA","(34.1469416, -118.2478471)"
"milwaukee, WI, USA","(43.0349931, -87.922497)"
"colorado springs, CO, USA","(38.8339578, -104.825348)"
"lakewood, CA, USA","(33.8503463, -118.117191)"
"hermitage, TN, USA","(36.1961664, -86.6224959)"
"broomfield, CO, USA","(39.9403995, -105.05208)"
"chevy chase, MD, USA","(38.9942121, -77.0771572)"
"bratenahl, OH, USA","(41.5533732, -81.6043844)"
"bloomington, IN, USA","(39.1670396, -86.5342881)"
"rocky river, OH, USA","(41.4756031, -81.8393034)"
"murfreesboro, TN, USA","(35.8460396, -86.3921096)"
"jacksonville beach, FL, USA","(30.2946859, -81.3931396)"
"edgecliff village, TX, USA","(32.6576335, -97.3427945)"
"ooltewah, TN, USA","(35.0522068, -85.10265801288662)"
"leesburg, FL, USA","(28.810823, -81.8778582)"
"oceanside, CA, USA","(33.1958696, -117.3794834)"
"lancaster, OH, USA","(39.7136754, -82.5993294)"
"carrollton, TX, USA","(32.9537349, -96.8902816)"
"celebration, FL, USA","(28.319057, -81.5408702)"
"jurupa valley, CA, USA","(33.9798472, -117.4515754)"
"terrell hills, TX, USA","(29.4772556, -98.4464879)"
"woodhaven, NY, USA","(40.6892698, -73.8579131)"
"youngstown, OH, USA","(41.1035786, -80.6520161)"
"lubbock, TX, USA","(33.5855677, -101.8470215)"
"crystal lake, IL, USA","(42.2411344, -88.3161965)"
"west park, FL, USA","(25.984148949999998, -80.20246372532006)"
"circleville, OH, USA","(39.600618, -82.9460133)"
"huntley, IL, USA","(42.1722503, -88.42692)"
"mayfield heights, OH, USA","(41.5192189, -81.457896)"
"marina del rey, CA, USA","(33.9776848, -118.448647)"
"morriston, FL, USA","(29.281638, -82.4378804)"
"antioch, CA, USA","(38.0049214, -121.805789)"
"ashland city, TN, USA","(36.2742207, -87.0641699)"
"lakewood, NJ, USA","(40.0978929, -74.2176435)"
"cleveland, GA, USA","(34.5972449, -83.7633058)"
"puyallup, WA, USA","(47.1849009, -122.29214)"
"toledo, OH, USA","(41.6529143, -83.5378173)"
"tarzana, CA, USA","(34.1689262, -118.5365791)"
"wilton manors, FL, USA","(26.1603626, -80.138934)"
"sunny isles beach, FL, USA","(25.939003, -80.12553387219643)"
"redding, CA, USA","(40.5863563, -122.391675)"
"bremerton, WA, USA","(47.5653663, -122.6246836)"
"pearland, TX, USA","(29.5639758, -95.2864299)"
"high pt, NC, USA","(35.9556924, -80.0053176)"
"panama city, FL, USA","(30.1586518, -85.6602936)"
"brecksville, OH, USA","(41.3197763, -81.6267904)"
"vallejo, CA, USA","(38.1040864, -122.2566367)"
"bakersfield, CA, USA","(35.3738712, -119.019463)"
"bay village, OH, USA","(41.484996, -81.9208434)"
"lynnwood, WA, USA","(47.8278656, -122.3053932)"
"fairfield, CA, USA","(38.2493581, -122.039966)"
"brandon, FL, USA","(27.937801, -82.2859247)"
"loudonville, NY, USA","(42.7048009, -73.7548424)"
"sun city west, AZ, USA","(33.6657535, -112.35505216920794)"
"englewood, FL, USA","(26.9620053, -82.3525952)"
"thornton, CO, USA","(39.8695516, -104.985181)"
"huffman, TX, USA","(30.0271626, -95.0857627)"
"arcadia, FL, USA","(27.2158826, -81.8584164)"
"youngtown, AZ, USA","(33.5937302, -112.3033265)"
"dunwoody, GA, USA","(33.9463786, -84.3342686)"
"lyndhurst, OH, USA","(41.520052, -81.488732)"
"marysville, WA, USA","(48.0517429, -122.1768209)"
"north fort myers, FL, USA","(26.7107375, -81.81300645982603)"
"sandy springs, GA, USA","(33.9242688, -84.3785379)"
"iowa falls, IA, USA","(42.5207924, -93.2647595)"
"olmos park, TX, USA","(29.4788422, -98.4875173)"
"madison, TN, USA","(35.6055887, -88.852119)"
"la vergne, TN, USA","(36.0156178, -86.5819394)"
"venice, CA, USA","(33.995044, -118.4668875)"
"east pt, GA, USA","(33.6795531, -84.4393724)"
"gulfport, FL, USA","(27.7483613, -82.7034334)"
"kent, WA, USA","(47.3826903, -122.2270272)"
"nassau bay, TX, USA","(29.5446753, -95.0910413)"
"hampton, IA, USA","(42.7424776, -93.2080861)"
"savannah, GA, USA","(32.0790074, -81.0921335)"
"golden beach, FL, USA","(25.9650919, -80.1222671)"
"bellaire, TX, USA","(29.7057858, -95.4588299)"
"torrance, CA, USA","(33.8371392, -118.3413606)"
"greenville, NC, USA","(35.613224, -77.3724593)"
"fontana, CA, USA","(34.0922947, -117.43433)"
"suquamish, WA, USA","(47.7301145, -122.552989)"
"lake in the hills, IL, USA","(42.1816908, -88.3303618)"
"burbank, CA, USA","(34.1812089, -118.307201)"
"anderson, TX, USA","(31.7819242, -95.6258199)"
"olmsted township, OH, USA","(41.3767081, -81.94564929469483)"
"miami lakes, FL, USA","(25.9087056, -80.3086619)"
"beaumont, TX, USA","(30.0860459, -94.1018461)"
"rockford, IL, USA","(42.2713945, -89.093966)"
"pataskala, OH, USA","(39.9955726, -82.6742373)"
"evansville, IN, USA","(37.970495, -87.5715641)"
"conroe, TX, USA","(30.3118769, -95.4560512)"
"cary, NC, USA","(35.7882893, -78.7812081)"
"highland park, TX, USA","(32.8334607, -96.7919454)"
"lansing, MI, USA","(42.7337712, -84.5553805)"
"south miami, FL, USA","(25.707846699999997, -80.29563567682854)"
"huntersville, NC, USA","(35.4108278, -80.8429304)"
"lithopolis, OH, USA","(39.8028415, -82.8062848)"
"independence, MO, USA","(39.0924792, -94.4137923)"
"winter haven, FL, USA","(28.0222435, -81.7328568)"
"key biscayne, FL, USA","(25.6968351, -80.1635261)"
"suisun city, CA, USA","(38.24582825, -121.9722339894544)"
"treasure island, FL, USA","(27.7691937, -82.7689906)"
"englewood, CO, USA","(39.6482059, -104.9879641)"
"golden, CO, USA","(39.7546349, -105.22058)"
"woodland hills, CA, USA","(34.1684364, -118.6058382)"
"oakland park, FL, USA","(26.1723065, -80.1319893)"
"plano, TX, USA","(33.0136764, -96.6925096)"
"johnson city, TN, USA","(36.3134398, -82.3534728)"
"parma heights, OH, USA","(41.3914132, -81.7598257)"
"abilene, TX, USA","(32.44645, -99.7475905)"
"east cleveland, OH, USA","(41.5331066, -81.5790137)"
"cheektowaga, NY, USA","(42.9033917, -78.7547536)"
"westminster, CO, USA","(39.8366528, -105.0372046)"
"canal winchester, OH, USA","(39.8428215, -82.805646)"
"parma, OH, USA","(41.3822398, -81.7355692)"
"richmond hts, OH, USA","(41.552829, -81.510121)"
"crowley, TX, USA","(32.5782835, -97.3609829)"
"boyds, MD, USA","(39.1840886, -77.3122325)"
"hickory, NC, USA","(35.7333312, -81.3442915)"
"marshall, MI, USA","(42.2721367, -84.9642008)"
"harlingen, TX, USA","(26.1907543, -97.6960599)"
"fairview park, OH, USA","(41.4461727, -81.8526519)"
"beachwood, OH, USA","(41.464498, -81.508732)"
"hamtramck, MI, USA","(42.3928151, -83.0496438)"
"grand rapids, MI, USA","(42.9632425, -85.6678639)"
"grosse pointe farms, MI, USA","(42.4092038, -82.8918587)"
"statesville, NC, USA","(35.7826363, -80.8872959)"
"greensboro, NC, USA","(36.0726355, -79.7919754)"
"corryton, TN, USA","(36.1536937, -83.7824062)"
"signal mountain, TN, USA","(35.1223478, -85.3436973)"
"normandy park, WA, USA","(47.4351528, -122.339601)"
"albany, NY, USA","(42.6511674, -73.754968)"
"north las vegas, NV, USA","(36.2005843, -115.121584)"
"alamo heights, TX, USA","(29.4832264, -98.468455)"
"east elmhurst, NY, USA","(40.7612123, -73.8651358)"
"garfield hts, OH, USA","(41.4169974, -81.6059581)"
"summerfield, FL, USA","(29.0085924, -82.0348092)"
"richmond heights, OH, USA","(41.552829, -81.510121)"
"miami springs, FL, USA","(25.82184795, -80.2927081391561)"
"east boston, MA, USA","(42.3718183, -71.02815051029489)"
"elgin, IL, USA","(42.03726, -88.2810994)"
"little falls, NY, USA","(43.0434039, -74.8595958)"
"cordova, TN, USA","(35.1556451, -89.7761955)"
"la canada flintridge, CA, USA","(34.1998302, -118.2005236)"
"north royalton, OH, USA","(41.3136644, -81.7245739)"
"soddy daisy, TN, USA","(35.2359025, -85.1907904)"
"harbor city, CA, USA","(33.7911012, -118.3012604)"
"lookout mountain, GA, USA","(34.9775758, -85.3577363)"
"fountain valley, CA, USA","(33.7038145, -117.9627349)"
"redmond, WA, USA","(47.6694141, -122.1238767)"
"mocksville, NC, USA","(35.8940236, -80.5617846)"
"saginaw, TX, USA","(32.8601275, -97.3639068)"
"warner robins, GA, USA","(32.6200973, -83.606568)"
"brookhaven, GA, USA","(33.8584368, -84.340203)"
"columbiana, OH, USA","(40.7787016, -80.7648602)"
"hyattsville, MD, USA","(38.9529442, -76.9408647)"
"solon, OH, USA","(41.3897764, -81.4412259)"
"littleton, CO, USA","(39.613321, -105.016649)"
"coronado, CA, USA","(32.6915199, -117.1766947)"
"ridgewood, NY, USA","(40.7080556, -73.9141667)"
"reseda, CA, USA","(34.2006552, -118.536528)"
"del mar, CA, USA","(32.9594891, -117.2653146)"
"silver spring, MD, USA","(38.9959461, -77.0276231)"
"matthews, NC, USA","(35.1159532, -80.7224386)"
"magnolia, TX, USA","(30.2095594, -95.7507897)"
"atlantic beach, FL, USA","(30.3344077, -81.398696)"
"belleview, FL, USA","(29.0625783, -82.0495108)"
"old hickory, TN, USA","(36.2597132, -86.6480884)"
"crosby, TX, USA","(33.5778818, -101.2855737)"
"beverly hills, CA, USA","(34.0696501, -118.3963062)"
"district heights, MD, USA","(38.8622077, -76.8815207)"
"mcallen, TX, USA","(26.204114, -98.2300605)"
"mountlake terrace, WA, USA","(47.7909667, -122.3066395)"
"kenneth city, FL, USA","(27.8155812, -82.7201004)"
"arlington, TX, USA","(32.7355816, -97.1071186)"
"wyoming, MI, USA","(42.9132581, -85.7057035)"
"harrison, TN, USA","(35.1275075, -85.13967800237529)"
"bal harbour, FL, USA","(25.8917613, -80.1269896)"
"millersport, OH, USA","(39.9000639, -82.534048)"
"hill country village, TX, USA","(29.5824497, -98.4908512)"
"federal way, WA, USA","(47.313494, -122.33931)"
"monticello, FL, USA","(30.5452022, -83.8701636)"
"weeki wachee, FL, USA","(28.5156479, -82.5735662)"
"alhambra, CA, USA","(34.093042, -118.12706)"
"tierra verde, FL, USA","(27.6919746, -82.7234337)"
"hialeah gardens, FL, USA","(25.8650961, -80.3244958)"
"grand ledge, MI, USA","(42.7524401, -84.7463572)"
"indio, CA, USA","(33.74389845, -116.1970542100473)"
"york, PA, USA","(39.9624588, -76.7277218)"
"euclid, OH, USA","(41.5931049, -81.5267873)"
"opa locka, FL, USA","(25.9023168, -80.2503271)"
"live oak, TX, USA","(28.2678746, -98.101923)"
"montebello, CA, USA","(34.0159398, -118.111975)"
"wheat ridge, CO, USA","(39.766098, -105.0772063)"
"bull valley, IL, USA","(42.3205773, -88.3550887)"
"rockford, TN, USA","(35.8275832, -83.9407373)"
"santa rosa, CA, USA","(38.4404925, -122.7141049)"
"warren, MI, USA","(42.4932575, -83.0062746)"
"pickerington, OH, USA","(39.8842304, -82.7535049)"
"anthony, FL, USA","(29.2893282, -82.1118205)"
"mooresville, NC, USA","(35.5848596, -80.8100724)"
"vienna, VA, USA","(38.9013729, -77.2651762)"
"ocklawaha, FL, USA","(29.0427592, -81.9292505)"
"northridge, CA, USA","(34.2345615, -118.5369316)"
"winter park, FL, USA","(28.5977707, -81.3510264)"
"santa maria, CA, USA","(34.9531295, -120.435857)"
"centennial, CO, USA","(39.579155, -104.8769227)"
"college park, GA, USA","(33.6534427, -84.4493725)"
"davis, CA, USA","(38.5435526, -121.739005)"
"odessa, TX, USA","(31.8457149, -102.367687)"
"cooper city, FL, USA","(26.0474608, -80.2738441811781)"
"pasadena, TX, USA","(29.6910753, -95.2092076)"
"watauga, TX, USA","(32.8579056, -97.2547371)"
"lake odessa, MI, USA","(42.7847564, -85.1383367)"
"allen, TX, USA","(33.1031744, -96.6705503)"
"thousand oaks, CA, USA","(34.1705609, -118.8375937)"
"deltona, FL, USA","(28.904843, -81.2273119)"
"fort collins, CO, USA","(40.5871782, -105.0770113)"
"sherman oaks, CA, USA","(34.1508718, -118.448986)"
"provo, UT, USA","(40.2337289, -111.6587085)"
"lorain, OH, USA","(41.2633554, -82.1734746)"
"mayville, NY, USA","(42.253947, -79.504491)"
"kansas city, MO, USA","(39.100105, -94.5781416)"
"kennewick, WA, USA","(46.2087066, -119.119919)"
"pueblo west, CO, USA","(38.3558615, -104.7112109849374)"
"garden grove, CA, USA","(33.7746292, -117.9463717)"
"pacoima, CA, USA","(34.2625025, -118.427027)"
"bainbridge island, WA, USA","(47.6262688, -122.5209429)"
"columbus, OH, USA","(39.9622601, -83.0007065)"
"falconer, NY, USA","(42.11867, -79.19838)"
"grand junction, CO, USA","(39.0672568, -108.56448)"
"shelburne, VT, USA","(44.3783486, -73.2276183)"
"bunker hill village, TX, USA","(29.7674508, -95.5299427)"
"commercecity, CO, USA",
"piney pt village, TX, USA","(29.759951, -95.5171646)"
"naperville, IL, USA","(41.7728699, -88.1479278)"
"middleville, NY, USA","(43.138823, -74.9683)"
"jacksonville, NC, USA","(34.7494749, -77.4208221)"
"unincorporated dade county, FL, USA",
"stockton, CA, USA","(37.9577016, -121.290779)"
"robinson, TX, USA","(31.4676687, -97.1147226)"
"ann arbor, MI, USA","(42.2813722, -83.7484616)"
"montgomery, OH, USA","(39.6837328, -84.2854817)"
"boca grande, FL, USA","(26.7489586, -82.262039)"
"redington beach, FL, USA","(27.8086364, -82.811214)"
"modesto, CA, USA","(37.6390972, -120.996878)"
"middle village, NY, USA","(40.718222749999995, -73.87867894730417)"
"jackson heights, NY, USA","(40.7556561, -73.8857755)"
"socorro, TX, USA","(31.654557, -106.3033146)"
"dallas, NC, USA","(35.3160401, -81.1764865)"
"silver lake, CA, USA","(34.0896518, -118.269373)"
"antelope, CA, USA","(38.7082357, -121.3299513)"
"des moines, WA, USA","(47.398829, -122.3099093)"
"lakewood, WA, USA","(47.1717649, -122.518458)"
"wachee, FL, USA","(28.5156479, -82.5735662)"
"celina, TX, USA","(33.3234203, -96.7864112)"
"saginaw, MI, USA","(43.4200387, -83.9490365)"
"katy, TX, USA","(29.7857853, -95.8243956)"
"waddell, AZ, USA","(33.5643025, -112.4447662)"
"northglenn, CO, USA","(39.9100858, -104.987552)"
"glendale, WI, USA","(43.1352881, -87.9356423)"
"hillsboro, OR, USA","(45.5228939, -122.989827)"
"goodlettsville, TN, USA","(36.3231067, -86.7133302)"
"fremont, CA, USA","(37.5482697, -121.988571)"
"camby, IN, USA","(39.661472, -86.3120233)"
"gray, TN, USA","(36.4198258, -82.4765352)"
"littcarr, KY, USA","(37.2409321, -82.9487727)"
"laveen, AZ, USA","(33.3618814, -112.1533861)"
"redford, MI, USA","(42.3833698, -83.2965971)"
"north port, FL, USA","(27.044224, -82.2359254)"
"whitefish bay, WI, USA","(43.1133445, -87.9000856)"
"fox island, WA, USA","(47.2490275, -122.62634457838112)"
"beulah, CO, USA","(38.0750064, -104.986655)"
"farmers branch, TX, USA","(32.9265668, -96.8960916)"
"glendale, NY, USA","(40.7014917, -73.8868028)"
"alexandria, VA, USA","(38.8051095, -77.0470229)"
"river hills, WI, USA","(43.1678887, -87.9356638)"
"windcrest, TX, USA","(29.515508, -98.3802925)"
"peoria, IL, USA","(40.6938609, -89.5891008)"
"mission hills, CA, USA","(34.687584, -120.43901754304565)"
"issaquah, WA, USA","(47.5348778, -122.043297)"
"southport, FL, USA","(30.2893655, -85.6404834)"
"poughkeepsie, NY, USA","(41.7065539, -73.9283672)"
"woodway, TX, USA","(31.5059105, -97.2050856)"
"humble, TX, USA","(29.9988312, -95.2621553)"
"gowanda, NY, USA","(42.463117, -78.935868)"
"charlotte, MI, USA","(42.5637369, -84.8355792)"
"brooklyn, OH, USA","(41.439754, -81.7405559)"
"costa mesa, CA, USA","(33.6633386, -117.903317)"
"beltsville, MD, USA","(39.0299081, -76.9149547)"
"glenarden, MD, USA","(38.9292782, -76.8616387)"
"laurelton, NY, USA","(40.6667703, -73.7515212)"
"south bend, IN, USA","(41.6833813, -86.2500066)"
"pleasantville, OH, USA","(39.8097864, -82.5221031)"
"ionia, MI, USA","(42.9469688, -85.0713945)"
"placida, FL, USA","(26.8322884, -82.2648163)"
"midland, GA, USA","(32.5748608, -84.827152)"
"pacific palisades, CA, USA","(34.0480643, -118.5264706)"
"rockaway park, NY, USA","(40.5805104, -73.8361535)"
"high point, NC, USA","(35.9556924, -80.0053176)"
"wheatridge, CO, USA","(41.149953350000004, -85.12945374617999)"
"reynoldsburg, OH, USA","(39.9547861, -82.8121191)"
"rochester, NY, USA","(43.157285, -77.615214)"
"studio city, CA, USA","(34.1483989, -118.3961877)"
"texas city, TX, USA","(29.396013, -94.9175485)"
"milwaukie, OR, USA","(45.4440051, -122.6412523)"
"westfield, NY, USA","(42.32228, -79.578103)"
"harker heights, TX, USA","(31.0746347, -97.6590473)"
"joliet, IL, USA","(41.5263603, -88.0840212)"
"el mirage, AZ, USA","(33.6130338, -112.324486)"
"lauderdale by the sea, FL, USA","(26.192028, -80.0964326)"
"garner, IA, USA","(43.102147, -93.6020069)"
"st. petersburg, FL, USA","(27.7700475, -82.6359078)"
"edmonds, WA, USA","(47.8105738, -122.3774952)"
"covington, WA, USA","(47.3657791, -122.100222)"
"avondale, AZ, USA","(33.4355977, -112.349602)"
"west valley, UT, USA","(40.6689125, -111.899296)"
"commerce, CA, USA","(34.003218, -118.1541961)"
"estero, FL, USA","(26.4381474, -81.8067537)"
"federalheights, CO, USA",
"lake suzy, FL, USA","(27.0381125, -82.0370322)"
"far rockaway, NY, USA","(40.6053825, -73.7551326)"
"pepper pike, OH, USA","(41.478387, -81.46373)"
"pinellas park, FL, USA","(27.8428025, -82.6995444)"
"akron, OH, USA","(41.083064, -81.518485)"
"grosse pointe woods, MI, USA","(42.4435616, -82.9069508)"
"corinth, TX, USA","(33.1540091, -97.0647322)"
"adams, TN, USA","(36.5823718, -87.0655751)"
"frisco, TX, USA","(33.1505998, -96.8238183)"
"woodstock, IL, USA","(42.3147529, -88.4474302)"
"potomac, MD, USA","(39.017936, -77.2094542)"
"augusta, GA, USA","(33.4709714, -81.9748429)"
"pittsburgh, PA, USA","(40.4416941, -79.9900861)"
"hunters creek village, TX, USA","(29.7705062, -95.4954973)"
"bee cave, TX, USA","(30.3085373, -97.94501)"
"simi valley, CA, USA","(34.2677404, -118.7538071)"
"rego park, NY, USA","(40.72286495, -73.86210252803048)"
"fairfax, VT, USA","(44.6652883, -73.0087203)"
"aledo, TX, USA","(32.6979939, -97.60399378280016)"
"brownsville, TX, USA","(25.9024289, -97.4981698)"
"dewittville, NY, USA","(42.2392247, -79.4453246)"
"santa cruz, CA, USA","(37.050096, -121.99059)"
"erie, PA, USA","(42.1294712, -80.0852695)"
"lakewood, NY, USA","(42.104224, -79.333104)"
"ridgefield, WA, USA","(45.8167616, -122.7433775)"
"collins, NY, USA","(42.49645, -78.920589)"
"rancho santa fe, CA, USA","(33.024231400000005, -117.19797812499999)"
"salinas, CA, USA","(36.6744117, -121.655037)"
"canyon country, CA, USA","(34.4233293, -118.4720281)"
"woodinville, WA, USA","(47.7545827, -122.1588902)"
"vansant, VA, USA","(37.2323331, -82.0990227)"
"hollywood pa, TX, USA",
"west university place, TX, USA","(29.7180075, -95.4338292)"
"westminster, CA, USA","(33.7578725, -117.9859054)"
"salem, OR, USA","(44.9391565, -123.033121)"
"el monte, CA, USA","(34.0751571, -118.036849)"
"bonney lake, WA, USA","(47.1870191, -122.1702293)"
"fairfield, ME, USA","(44.588511, -69.599075)"
"campbell, OH, USA","(41.0761424, -80.5932556)"
"hayward, CA, USA","(37.6688205, -122.080796)"
"view park, CA, USA","(34.2834089, -119.25378168796075)"
"dayton, OH, USA","(39.7589478, -84.1916069)"
"harrisburg, PA, USA","(40.2663107, -76.8861122)"
"fredonia, NY, USA","(42.440058, -79.331711)"
"new hyde park, NY, USA","(40.7352157, -73.6883239)"
"redington shores, FL, USA","(27.8261357, -82.8289923)"
"forest hill, TX, USA","(32.6720778, -97.2691812)"
"baltimore, OH, USA","(39.8453418, -82.6007185)"
"nashville, MI, USA","(42.6028137, -85.0930536)"
"nolensville, TN, USA","(35.9522852, -86.6694413)"
"dunlap, IL, USA","(40.8616513, -89.6777665)"
"grosse pointe park, MI, USA","(42.3816896, -82.9313655)"
"st augustine, FL, USA","(29.8946952, -81.3145395)"
"martinez, CA, USA","(38.0138934, -122.1338674)"
"pflugerville, TX, USA","(30.4393696, -97.6200043)"
"tulalip, WA, USA","(48.071385500000005, -122.26486740245815)"
"henderson, NV, USA","(36.0301134, -114.9826194)"
"seatac, WA, USA","(47.4449086, -122.283084)"
"missouri city, TX, USA","(29.6185669, -95.5377215)"
"clear lake, IA, USA","(43.1370751, -93.3813637)"
"hephzibah, GA, USA","(33.3140311, -82.0967857)"
"tolleson, AZ, USA","(33.4500497, -112.259309)"
"callaway, FL, USA","(30.1529791, -85.5699252)"
"orange park, FL, USA","(30.1654707, -81.7016346)"
"oak ridge, NC, USA","(36.1736211, -79.9892172)"
"coconut grove, FL, USA","(25.7126013, -80.2569947)"
"gig harbor, WA, USA","(47.3259697, -122.5878659)"
"carroll gardens, NY, USA","(40.6784201, -73.9948021)"
"oakland, ME, USA","(44.5403436, -69.7219916)"
"king city, OR, USA","(45.4028329, -122.804109)"
"culver city, CA, USA","(34.0211224, -118.396466)"
"mission viejo, CA, USA","(33.5965685, -117.659405)"
"apex, NC, USA","(35.7325352, -78.8505516)"
"etna, OH, USA","(39.957562, -82.6819548)"
"hollywood, CA, USA","(34.0980031, -118.329523)"
"gilroy, CA, USA","(37.0065078, -121.5631723)"
"landover, MD, USA","(38.9340002, -76.8966397)"
"piney point village, TX, USA","(29.759951, -95.5171646)"
"tumwater, WA, USA","(47.0080655, -122.910368)"
"arverne, NY, USA","(40.5934173, -73.7895462)"
"orange, CA, USA","(33.750631, -117.8722311)"
"inlet beach, FL, USA","(30.275510099999998, -86.01175734044097)"
"kingston springs, TN, USA","(36.1020038, -87.1150054)"
"stedman, NC, USA","(35.0134999, -78.6939063)"
"rosemary beach, FL, USA","(30.2802919, -86.015565)"
"thomasville, GA, USA","(30.8365815, -83.9787808)"
"palo alto, CA, USA","(37.4443293, -122.1598465)"
"west miami, FL, USA","(25.7560176, -80.2956847)"
"heath, OH, USA","(40.0228421, -82.4445991)"
"kenmore, WA, USA","(47.7596715, -122.2496367)"
"champaign, IL, USA","(40.1164841, -88.2430932)"
"medley, FL, USA","(25.8406526, -80.3264404)"
"salem, OH, USA","(40.9008923, -80.8567502)"
"visalia, CA, USA","(36.3302284, -119.292058)"
"jamestown, NY, USA","(42.0965167, -79.2380322)"
"saint lucie, FL, USA","(27.3900897, -80.457904)"
"whitestone, NY, USA","(40.7945457, -73.8184674)"
"richmond, CA, USA","(37.9357576, -122.347748)"
"mount juliet, TN, USA","(36.200055, -86.5186054)"
"annandale, VA, USA","(38.838491000000005, -77.20852375508332)"
"benbrook, TX, USA","(32.673188, -97.4605759)"
"turlock, CA, USA","(37.4946568, -120.8465941)"
"la crescenta, CA, USA","(34.230429, -118.2350733)"
"cohasset, CA, USA","(39.9254385, -121.7310898)"
"silver springs, FL, USA","(29.2166172, -82.0575797)"
"westworth village, TX, USA","(32.7597192, -97.4214547)"
"mclean, VA, USA","(38.93668525, -77.1858267942485)"
"royal palm beach, FL, USA","(26.7050822, -80.2279519)"
"queens, NY, USA","(40.7135078, -73.8283132)"
"flushing, MI, USA","(43.0630834, -83.8510732)"
"elkhart, IN, USA","(41.6012796, -85.8590603)"
"falls church, VA, USA","(38.882334, -77.1710914)"
"canoga park, CA, USA","(34.2011078, -118.5978087)"
"new york city, NY, USA","(40.7127281, -74.0060152)"
"winterville, NC, USA","(35.5290511, -77.4010762)"
"brook park, OH, USA","(41.3983838, -81.8045788)"
"burlington, NC, USA","(36.0956918, -79.4377991)"
"graham, WA, USA","(47.0395996, -122.2785729)"
"astoria, NY, USA","(40.7720145, -73.9302673)"
"maple heights, OH, USA","(41.4154413, -81.5655597)"
"hollis, NY, USA","(40.7134361, -73.7670772)"
"nashville, IN, USA","(39.2072377, -86.2469553)"
"verdi, NV, USA","(39.5182427, -119.988811)"
"busti, NY, USA","(42.038113, -79.283383)"
"anderson, OH, USA","(39.3610464, -83.0695705)"
"fox point, WI, USA","(43.1575827, -87.9017501)"
"sun city, AZ, USA","(33.6290111, -112.281933)"
"doraville, GA, USA","(33.8981579, -84.2832564)"
"shenandoah, TX, USA","(30.1802151, -95.4557726)"
"san pedro, CA, USA","(33.7358518, -118.2922934)"
"seacrest, FL, USA","(30.2828006, -86.0216796)"
"georgetown, TX, USA","(30.6370152, -97.6775634)"
"chico, CA, USA","(39.7284945, -121.8374777)"
"ecorse, MI, USA","(42.2444833, -83.145757)"
"spanaway, WA, USA","(47.0979462, -122.4243422)"
"dupont, WA, USA","(47.0990689, -122.637546)"
"saluda, NC, USA","(35.2362264, -82.3492839)"
"clyde hill, WA, USA","(47.631569, -122.2181054)"
"college point, NY, USA","(40.7876014, -73.8459682)"
"herkimer, NY, USA","(43.4911326, -74.9481252)"
"bryans road, MD, USA","(38.6270623, -77.0730325)"
"thornville, OH, USA","(39.896454, -82.4201539)"
"gresham, OR, USA","(45.4997475, -122.4309766)"
"goodell, IA, USA","(42.9238733, -93.6126125)"
"corona, NY, USA","(40.7469593, -73.8601456)"
"queens village, NY, USA","(40.7267692, -73.7415208)"
"santee, CA, USA","(32.8383828, -116.9739167)"
"merced, CA, USA","(37.1641544, -120.7678602)"
"grosse pointe, MI, USA","(42.3861485, -82.9118591)"
"cherry creek, NY, USA","(42.294504, -79.099764)"
"el centro, CA, USA","(32.792, -115.563051)"
"rossville, GA, USA","(34.983376, -85.28603)"
"corona, CA, USA","(33.8752945, -117.566444)"
"round lake beach, IL, USA","(42.3716881, -88.0900806)"
"germantown, MD, USA","(39.17130815, -77.26557848822242)"
"elmhurst, NY, USA","(40.7365804, -73.8783932)"
"whites creek, TN, USA","(36.2064467, -86.832887)"
"white settlement, TX, USA","(32.7595737, -97.4583538)"
"east fultonham, OH, USA","(39.8500679, -82.1220868)"
"snohomish, WA, USA","(48.0074736, -121.7304882)"
"hope mills, NC, USA","(34.9704419, -78.9453056)"
"pueblo, CO, USA","(38.2544472, -104.609141)"
"abingdon, VA, USA","(36.7104018, -81.975249)"
"el portal, FL, USA","(25.8553739, -80.193103)"
"battle creek, MI, USA","(42.3192548, -85.1824269)"
"hutto, TX, USA","(30.5427638, -97.5468898)"
"tukwila, WA, USA","(47.4627356, -122.2559156)"
"richlands, VA, USA","(37.0944752, -81.7997182)"
"south boston, MA, USA","(42.33824595, -71.04220870083492)"
"enosburg, VT, USA","(44.90660285, -72.8076936653064)"
"cedar hill, TX, USA","(32.5888072, -96.9553675)"
"north highlands, CA, USA","(38.6857362, -121.3721745)"
"belle isle, FL, USA","(28.4620763, -81.3606646)"
"neptune beach, FL, USA","(30.311908, -81.3964734)"
"edgewood, WA, USA","(47.2318245, -122.2843724)"
"warrensville heights, OH, USA","(41.43535, -81.514824)"
"san ysidro, CA, USA","(32.5520013, -117.0430813)"
"wilmington, CA, USA","(33.7800164, -118.262509)"
"cleveland, MS, USA","(33.7440023, -90.7248187)"
"vashon, WA, USA","(47.4480496, -122.46067)"
"utica, NY, USA","(43.1009031, -75.2326641)"
"university heights, OH, USA","(41.497831, -81.537346)"
"coconut creek, FL, USA","(26.271462800000002, -80.18181396580121)"
"san bernardino, CA, USA","(34.8253019, -116.0833144)"
"lewisville, TX, USA","(33.046233, -96.994174)"
"takoma park, MD, USA","(38.9778882, -77.0074765)"
"garrett, KY, USA","(37.4798212, -82.8315501)"
"west seneca, NY, USA","(42.8395833, -78.7541466)"
"greeley, CO, USA","(40.4233142, -104.7091322)"
"doctor phillips, FL, USA","(28.4608599, -81.4914804)"
"shavano park, TX, USA","(29.5849496, -98.5525194)"
"south holland, IL, USA","(41.6008681, -87.6069894)"
"mount perry, OH, USA","(39.8786789, -82.219868)"
"daly city, CA, USA","(37.6904826, -122.47267)"
"midway park, NC, USA","(35.061746, -80.65734198560408)"
"enterprise, FL, USA","(28.8691569, -81.2667299)"
"columbia, MO, USA","(38.951883, -92.3337366)"
"holladay, UT, USA","(40.6710765, -111.8250278)"
"harper woods, MI, USA","(42.4333367, -82.9238847)"
"stallings, NC, USA","(35.1083615, -80.66355902160382)"
"new haven, VT, USA","(44.1244783, -73.1537566)"
"oxnard, CA, USA","(34.1976308, -119.180381)"
"hemet, CA, USA","(33.7475203, -116.9719684)"
"bedford, OH, USA","(41.39311, -81.536509)"
"temple hills, MD, USA","(38.8140024, -76.9455296)"
"naples, FL, USA","(26.1421976, -81.7942944)"
"berkeley, CA, USA","(37.8708393, -122.272863)"
"webster, TX, USA","(29.5351724, -95.1161564)"
"saltville, VA, USA","(36.8815031, -81.7620635)"
"castlewood, VA, USA","(36.8725194, -82.3000411)"
"kingston, WA, USA","(47.7987627, -122.4990762)"
"middleburg heights, OH, USA","(41.3614401, -81.812912)"
"carlsbad, CA, USA","(33.1580933, -117.3505966)"
"arvada, CO, USA","(39.8005505, -105.0811573)"
"rosedale, NY, USA","(40.6620479, -73.7354097)"
"encino, CA, USA","(34.1591324, -118.5016166)"
"north pt, FL, USA","(27.044224, -82.2359254)"
"concord, CA, USA","(37.9768525, -122.0335624)"
"yuba city, CA, USA","(39.1404477, -121.6169108)"
"viper, KY, USA","(37.1826093, -83.1488268)"
"carroll, OH, USA","(40.5250362, -81.0927234)"
"biltmore forest, NC, USA","(35.5337246, -82.5284561)"
"hallandale, FL, USA","(25.98584285, -80.14118350866113)"
"mc allen, TX, USA","(31.924473, -106.415352)"
"stow, NY, USA","(42.1567241, -79.4014368)"
"fairfield, PA, USA","(39.7873173, -77.3685984)"
"brier, WA, USA","(47.7845419, -122.274294)"
"lancaster, PA, USA","(40.08067, -76.2411283)"
"barney, GA, USA","(31.0081834, -83.5125986)"
"bunnell, FL, USA","(29.4657731, -81.2576832)"
"greenbelt, MD, USA","(38.9933654, -76.88333238304114)"
"bladensburg, MD, USA","(38.9392997, -76.9337983)"
"medford, OR, USA","(42.3264181, -122.8718605)"
"waldorf, MD, USA","(38.6263882, -76.9106581)"
"cleveland, OK, USA","(35.2301869, -97.3109151)"
"hindman, KY, USA","(37.3359313, -82.9804414)"
"fort wayne, IN, USA","(41.0799898, -85.1386015)"
"st. albans city, VT, USA","(44.8107911, -73.0833607)"
"newbury park, CA, USA","(34.183671, -118.91183)"
"winters, CA, USA","(38.5249065, -121.970801)"
"upper marlboro, MD, USA","(38.8162451, -76.751708)"
"chamblee, GA, USA","(33.892176, -84.2988296)"
"river rouge, MI, USA","(42.2729262, -83.1352891)"
"morrison, CO, USA","(39.6535988, -105.191099)"
"belvidere, IL, USA","(42.2579991, -88.841734)"
"ashville, NY, USA","(42.096446, -79.3756044)"
"algona, WA, USA","(47.2784027, -122.2542238)"
"castle hills, TX, USA","(29.5232851, -98.5164071)"
"buena ventura lakes, FL, USA","(28.327117, -81.352301)"
"american canyon, CA, USA","(38.1785248, -122.255183)"
"los gatos, CA, USA","(37.226611, -121.9746797)"
"brown deer, WI, USA","(43.1744352, -87.972722)"
"alta loma, CA, USA","(34.122887, -117.5985775)"
"other city value - out of area, FL, USA",
"whitwell, TN, USA","(35.2014631, -85.5191323)"
"nashville, NC, USA","(35.974598, -77.9655406)"
"porter ranch, CA, USA","(34.2818164, -118.5612714)"
"williamsville, NY, USA","(42.9637836, -78.7377258)"
"rye, TX, USA","(30.7293628, -96.490244)"
"morgan hill, CA, USA","(37.130408, -121.6544974)"
"knightdale, NC, USA","(35.7878975, -78.4822938)"
"playa del rey, CA, USA","(33.9541453, -118.4388067)"
"glen oaks, NY, USA","(40.7470463, -73.7115199)"
"fircrest, WA, USA","(47.2317185, -122.514304)"
"rancho cucamonga, CA, USA","(34.1033192, -117.575173)"
"timnath, CO, USA","(40.5294388, -104.982086)"
"eastover, NC, USA","(35.099219, -78.78829551256487)"
"north redington beach, FL, USA","(27.8161361, -82.8206587)"
"murray, UT, USA","(40.6667841, -111.888417)"
"palmer, TX, USA","(32.423214099999996, -96.66367574642392)"
"trenton, GA, USA","(34.8720222, -85.50913)"
"biscoe, NC, USA","(35.3600553, -79.7796559)"
"newburgh heights, OH, USA","(41.4502488, -81.6626406)"
"panorama city, CA, USA","(34.2242902, -118.4453745)"
"valdosta, GA, USA","(30.8327022, -83.2784851)"
"highland hills, OH, USA","(41.448387, -81.51901)"
"greenbrier, TN, USA","(36.4275477, -86.8047199)"
"wildwood, GA, USA","(34.0615051, -84.41129)"
"douglaston, NY, USA","(40.768713, -73.7470765)"
"ontario, CA, USA","(34.065846, -117.64843)"
"--, FL, USA","(27.7567667, -81.4639835)"
"san mateo, CA, USA","(37.496904, -122.3330573)"
"college pt, NY, USA","(40.7876014, -73.8459682)"
"bowie, MD, USA","(38.9424464, -76.7301718)"
"scarsdale, NY, USA","(40.9880495, -73.7974133)"
"dania, FL, USA","(26.0543154, -80.1457426)"
"ft lauderdale, FL, USA","(26.1223084, -80.1433786)"
"national harbor, MD, USA","(38.7831238, -77.0128237)"
"valley village, CA, USA","(34.1637147, -118.3965758)"
"forest city, IA, USA","(43.2626747, -93.6376741)"
"brookpark, OH, USA","(41.4197915, -81.8238184)"
"santa clara, CA, USA","(37.2333253, -121.6846349)"
"benicia, CA, USA","(38.049365, -122.1585777)"
"south pasadena, CA, USA","(34.1133062, -118.1478291)"
"haltom city, TX, USA","(32.7995738, -97.2691817)"
"lyons, MI, USA","(42.9819773, -84.9469455)"
"forestville, NY, USA","(42.4684949, -79.1767785)"
"elk grove, CA, USA","(38.4087993, -121.3716178)"
"brush prairie, WA, USA","(45.7301923, -122.551327)"
"springfield, MO, USA","(37.2081729, -93.2922715)"
"manhattan, NY, USA","(40.7896239, -73.9598939)"
"west hills, CA, USA","(34.2032325, -118.645476)"
"bemus point, NY, USA","(42.1593392, -79.3922893)"
"chautauqua, NY, USA","(42.2894671, -79.421728)"
"aurora, IL, USA","(41.7571701, -88.3147539)"
"briarwood, NY, USA","(40.7092563, -73.8201394)"
"la tuna canyon, CA, USA","(34.2363775, -118.332066)"
"clemmons, NC, USA","(36.0215258, -80.3819984)"
"dixon, CA, USA","(38.4454641, -121.8232958)"
"pomona, CA, USA","(34.0553813, -117.7517496)"
"cedar bluff, VA, USA","(37.0876141, -81.7590032)"
"stanford, CA, USA","(37.426540700000004, -122.17030545534064)"
"jersey village, TX, USA","(29.888578, -95.5699185)"
"lanham, MD, USA","(38.965365000000006, -76.84179265424164)"
"spring valley village, TX, USA","(29.7896722, -95.5035529)"
"woodside, NY, USA","(40.7453798, -73.9054145)"
"ferrisburgh, VT, USA","(44.2057119, -73.2462973)"
"sparks, NV, USA","(39.5404679, -119.7487235)"
"hurst, TX, USA","(32.8234621, -97.1705678)"
"emeryville, CA, USA","(37.8314089, -122.2865266)"
"addison, TX, USA","(32.960477850000004, -96.8300673063398)"
"independence, OH, USA","(41.3816571, -81.6406872)"
"temecula, CA, USA","(33.4946353, -117.147366)"
"colerain township, OH, USA","(39.2584995, -84.63292616794756)"
"camas, WA, USA","(45.5863014, -122.403277)"
"soddy-daisy, TN, USA","(35.2359025, -85.1907904)"
"matlacha, FL, USA","(26.6282115, -82.07010541515427)"
"cleveland, NC, USA","(35.7331953, -80.6770111)"
"amherst, NY, USA","(42.9783924, -78.7997616)"
"newark, OH, USA","(40.0581205, -82.4012643)"
"highlands ranch, CO, USA","(39.5497243, -104.969565)"
"sunnyside, NY, USA","(40.7398242, -73.9354153)"
"port orchard, WA, USA","(47.5315625, -122.6384056)"
"dunnellon, FL, USA","(29.0491426, -82.4609331)"
"lafayette, IN, USA","(40.4191229, -86.8919011)"
"biscayne park, FL, USA","(25.8825951, -80.1806025)"
"lakewood, IL, USA","(42.22919, -88.355086)"
"cattaraugus, NY, USA","(42.2234823, -78.6477096)"
"castroville, TX, USA","(29.3510335, -98.88508703468696)"
"everman, TX, USA","(32.630968, -97.2891817)"
"medina, WA, USA","(47.620548, -122.2264453)"
"howard beach, NY, USA","(40.6578815, -73.8362459)"
"middleburg, FL, USA","(30.0688512, -81.8603778)"
"buckeye lake, OH, USA","(39.933473, -82.48256385263426)"
"flintstone, GA, USA","(34.9417429, -85.3435692)"
"fairfax, VA, USA","(38.8156356, -77.2836849)"
"bainbridge is, WA, USA","(47.6262688, -122.5209429)"
"sherman, NY, USA","(42.159224, -79.595326)"
"santa barbara, CA, USA","(34.4221319, -119.702667)"
"bristol, VA, USA","(36.6176148, -82.1484049)"
"other, TX, USA","(30.062103, -97.120096)"
"east los angeles, CA, USA","(34.0239015, -118.172015)"
"mercer, ME, USA","(44.6781171, -69.9364462)"
"granada hills, CA, USA","(34.2661558, -118.5174342)"
"pinedale, CA, USA","(36.8427269, -119.7898688)"
"bay lake, FL, USA","(28.3876261, -81.57491966925264)"
"orting, WA, USA","(47.0978795, -122.204282)"
"richland hills, TX, USA","(32.8159623, -97.2280695)"
"toluca lake, CA, USA","(34.1521688, -118.357141)"
"port arthur, TX, USA","(29.8716577, -93.9332302)"
"whitney, NV, USA","(36.0885321, -115.037213)"
"citra, FL, USA","(29.4119166, -82.1098156)"
"bronxville, NY, USA","(40.9381544, -73.8320784)"
"riverview, FL, USA","(27.871197, -82.3269883)"
"rowan, IA, USA","(42.7409876, -93.5521226)"
"adelphi, MD, USA","(39.0030666, -76.9721023)"
"canton, OH, USA","(40.7985464, -81.3749508)"
"lancaster, CA, USA","(34.6981064, -118.1366153)"
"clovis, CA, USA","(36.8252277, -119.7029194)"
"garden ridge, TX, USA","(29.6346708, -98.3052907)"
"oakwood, GA, USA","(34.227602, -83.8843455)"
"minnie, KY, USA","(37.4723222, -82.7540477)"
"kemah, TX, USA","(29.5427297, -95.0204837)"
"menifee, CA, USA","(33.6864432, -117.1770437)"
"clearwater beach, FL, USA","(27.9774736, -82.8279313)"
"glenford, OH, USA","(39.8881223, -82.317094)"
"blue ash, OH, USA","(39.2320073, -84.3782817)"
"cherryhillsvillage, CO, USA",
"ventura, IA, USA","(43.1266263, -93.477897)"
"dickinson, TX, USA","(29.4607876, -95.0513173)"
"haines city, FL, USA","(28.1067315, -81.6287423)"
"fife, WA, USA","(47.2359524, -122.3626381)"
"belton, TX, USA","(31.0560132, -97.464453)"
"highland park, MI, USA","(42.4055981, -83.0965829)"
"euless, TX, USA","(32.8370727, -97.0819541)"
"canutillo, TX, USA","(31.9124684, -106.598098)"
"washingtonville, OH, USA","(40.900337, -80.7639673)"
"bellerose, NY, USA","(40.7242205, -73.7164845)"
"west jordan, UT, USA","(40.6061337, -111.9395211)"
"porter, TX, USA","(30.1024397, -95.2296553)"
"saint george, UT, USA","(37.104153, -113.584131)"
"lowell, MI, USA","(42.933601, -85.3418551)"
"ft worth, TX, USA","(32.753177, -97.3327459)"
"sunfield, MI, USA","(42.7622568, -84.9924962)"
"holland, MI, USA","(42.7876022, -86.1090828)"
"anderson township, OH, USA","(39.08684035, -84.34202549902601)"
"flint, MI, USA","(43.0161693, -83.6900211)"
"richmond hill, NY, USA","(40.6994253, -73.8309672)"
"greenhurst, NY, USA","(42.119502, -79.3103261)"
"floral park, NY, USA","(40.7246999, -73.7048024)"
"clintwood, VA, USA","(37.1501067, -82.4559846)"
"reading, PA, USA","(40.335345, -75.9279495)"
"west lake hills, TX, USA","(30.2877039, -97.8068157)"
"fort washington, MD, USA","(38.7254674, -76.9900251)"
"bristol, VT, USA","(44.1332662, -73.0785227)"
"city terrace, CA, USA","(34.0500116, -118.1828495)"
"rockville, MD, USA","(39.0817985, -77.1516844)"
"cockrell hill, TX, USA","(32.7362421, -96.8869481)"
"rock spring, GA, USA","(34.8242442, -85.2427323)"
"newberry, FL, USA","(29.6463535, -82.6065023)"
"archdale, NC, USA","(35.914581, -79.9719831)"
"lake forest park, WA, USA","(47.7567679, -122.2809623)"
"ponte vedra, FL, USA","(30.2396865, -81.3856384)"
"blue mound, TX, USA","(32.8565166, -97.3389061)"
"wellsville, OH, USA","(40.6099641, -80.6418888)"
"gardena, CA, USA","(33.8815702, -118.2918113)"
"kensington, MD, USA","(39.0258405, -77.0750246)"
"eagle, MI, USA","(42.8078125, -84.788601)"
"north hills, CA, USA","(34.2429575, -118.4854081)"
"mountain view, CA, USA","(37.3893889, -122.0832101)"
"bremen, OH, USA","(39.7017328, -82.4268216)"
"steilacoom, WA, USA","(47.1703692, -122.596287)"
"highland heights, OH, USA","(41.551995, -81.478452)"
"dearborn heights, MI, USA","(42.3369816, -83.2732627)"
"millcreek, UT, USA","(40.6992918, -111.855583)"
"bayside, WI, USA","(43.1860869, -87.904897)"
"maspeth, NY, USA","(40.723158, -73.912637)"
"st george, UT, USA","(37.104153, -113.584131)"
"falcon heights, TX, USA","(26.5588077, -99.1228011)"
"anderson island, WA, USA","(47.1557835, -122.70709522798506)"
"clinchco, VA, USA","(37.1612189, -82.3598688)"
"petersburg, FL, USA","(27.7700475, -82.6359078)"
"quitman, GA, USA","(31.8769847, -85.0154412)"
"fairview, TX, USA","(33.1578325, -96.6318301)"
"oxon hill, MD, USA","(38.784824900000004, -76.9694015528087)"
"essex, NY, USA","(44.0638879, -73.7542043)"
"river oaks, TX, USA","(32.7770737, -97.394463)"
"springfield, MI, USA","(42.3264298, -85.2391614)"
"altadena, CA, USA","(34.1898584, -118.1316619)"
"wyoming, OH, USA","(39.2311692, -84.4657758)"
"baldwin, FL, USA","(30.3027384, -81.9753865)"
"burke, VA, USA","(38.7771321, -77.2754691)"
"latimer, IA, USA","(42.7635903, -93.3687645)"
"brentwood, MD, USA","(38.9429675, -76.9558032)"
"new palestine, IN, USA","(39.7219882, -85.8891471)"
"alden, IA, USA","(42.5201895, -93.3762693)"
"indian land, SC, USA","(35.0018151, -80.8556287)"
"the colony, TX, USA","(33.0890094, -96.8863922)"
"south salt lake, UT, USA","(40.7074741, -111.88827)"
"glenn heights, TX, USA","(32.54390135, -96.85529749543817)"
"hebron, OH, USA","(39.9617305, -82.4912676)"
"saint paul, VA, USA","(36.9053822, -82.3109761)"
"indian trail, NC, USA","(35.0768141, -80.6692352)"
"slc, UT, USA","(40.790066100000004, -111.97989846185591)"
"glendale, KY, USA","(37.6017278, -85.9055189)"
"mebane, NC, USA","(36.0959715, -79.2669619)"
"saint albans, NY, USA","(40.6984364, -73.7606881)"
"stanton, TX, USA","(32.1292891, -101.788464)"
"hideaway hills, OH, USA","(39.655828, -82.46262603488856)"
"newcastle, WA, USA","(47.5395736, -122.1563331)"
"westport, NY, USA","(44.184174, -73.435707)"
"bahama, NC, USA","(36.1659763, -78.8766738)"
"bedford heights, OH, USA","(41.4143826, -81.5061146)"
"buckley, WA, USA","(47.1622483, -122.027746)"
"kalamazoo, MI, USA","(42.291707, -85.5872286)"
"amanda, OH, USA","(39.649508, -82.7443367)"
"mount rainier, MD, USA","(38.9364848, -76.9596981)"
"oakland gardens, NY, USA","(40.753991, -73.765966)"
"conewango valley, NY, USA","(42.2408935, -79.0608745)"
"wheaton, MD, USA","(39.04979325, -77.05228508396917)"
"perrine, FL, USA","(25.6051055, -80.3536645)"
"corning, OH, USA","(39.6025696, -82.0881995)"
"ogden, UT, USA","(41.2230048, -111.9738429)"
"ozone park, NY, USA","(40.67677, -73.8437461)"
"valleyview, OH, USA","(39.96487625, -83.07291773060578)"
"orleans, MI, USA","(43.0686431, -85.1350121)"
"mill creek, WA, USA","(47.8577455, -122.2210628)"
"dalton, GA, USA","(34.7691867, -84.9702475)"
"waterville, ME, USA","(44.5524176, -69.6313607)"
"dunkirk, NY, USA","(42.479502, -79.333932)"
"meadowview, VA, USA","(36.7603903, -81.8629019)"
"belmont, NC, USA","(35.2438272, -81.0377322)"
"jasper, TN, USA","(35.0742448, -85.6260789)"
"logan, UT, USA","(41.7313063, -111.834914)"
"westover hills, TX, USA","(32.7448522, -97.4136301)"
"olney, MD, USA","(39.146987249999995, -77.07222271590908)"
"montrose, CA, USA","(34.2064181, -118.2288887)"
"sunland, CA, USA","(34.2669466, -118.3023)"
"forney, TX, USA","(32.747893, -96.4719289)"
"st. albans town, VT, USA","(44.80452715, -73.168578465099)"
"the hills, TX, USA","(30.3468825, -97.9864281)"
"potterville, MI, USA","(42.629203, -84.738874)"
"grosse pointe shores, MI, USA","(42.4367034, -82.8768586)"
"new lexington, OH, USA","(39.7139579, -82.2084805)"
"sun valley, NV, USA","(39.5923506, -119.7804374)"
"broad channel, NY, USA","(40.6064008, -73.81901879728136)"
"richards, TX, USA","(30.5379255, -95.8400097)"
"new richmond, OH, USA","(38.9486757, -84.2799366)"
"jamaica est, NY, USA",
"randolph, OH, USA","(41.0328353, -81.248437)"
"san pablo, CA, USA","(37.9621457, -122.3455263)"
"anderson twp, OH, USA","(39.08684035, -84.34202549902601)"
"georgia, VT, USA","(44.72422295, -73.14704151731551)"
"fort oglethorpe, GA, USA","(34.9499947, -85.2456607)"
"lebanon, VA, USA","(36.9009076, -82.0801257)"
"fort mill, SC, USA","(35.0073697, -80.9450759)"
"cedar park, TX, USA","(30.5217116, -97.827833)"
"lisbon, OH, USA","(40.7720044, -80.7681336)"
"bayside hills, NY, USA","(40.7535785, -73.7661843)"
"south richmond hill, NY, USA","(40.689364999999995, -73.82737955501858)"
"federal heights, CO, USA","(39.8591279, -105.015631)"
"manor, TX, USA","(30.3420882, -97.555905)"
"galena park, TX, USA","(29.7335616, -95.2302123)"
"mc gregor, TX, USA","(32.733441, -96.6688765)"
"mc kinney, TX, USA","(32.89782, -94.554864)"
"arkwright, NY, USA","(42.407002, -79.236431)"
"poulsbo, WA, USA","(47.7391366, -122.63928)"
"belding, MI, USA","(43.09781, -85.228906)"
"franklinville, NY, USA","(42.3370091, -78.4580762)"
"north houston, TX, USA","(29.919902399999998, -95.5187206930984)"
"nashport, OH, USA","(40.0706231, -82.1756986)"
"cypress, CA, USA","(33.8248235, -118.0399368)"
"pfafftown, NC, USA","(36.1526379, -80.3622753)"
"sunriver, OR, USA","(43.8839966, -121.438516)"
"alto, MI, USA","(42.8565044, -85.3804447)"
"belle harbor, NY, USA","(40.5767844, -73.84782868947303)"
"muir, MI, USA","(42.9958661, -84.9425013)"
"brocton, NY, USA","(42.388669, -79.441157)"
"rockaway beach, NY, USA","(40.5845085, -73.81679)"
"hilliard, OH, USA","(40.033814, -83.1596108)"
"cuyahoga falls, OH, USA","(41.1362729, -81.4828123)"
"mc leansville, NC, USA","(36.2138518, -79.6866436)"
"jamestown, NC, USA","(35.9941053, -79.9356589)"
"san lorenzo, CA, USA","(37.673589500000006, -122.13185702134774)"
"valencia, CA, USA","(34.4131941, -118.559849)"
"wake forest, NC, USA","(35.9803138, -78.5103731)"
"box canyon, CA, USA","(33.0176106, -116.4325047)"
"highland park, CA, USA","(34.1099469, -118.1969828)"
"blasdell, NY, USA","(42.797281, -78.823366)"
"mesquite, TX, USA","(32.7666103, -96.599472)"
"rancho park, CA, USA","(34.0341731, -118.4262057)"
"candler, NC, USA","(35.5444359, -82.6838032)"
"clear lk shrs, TX, USA",
"manchaca, TX, USA","(30.1407692, -97.833055)"
"boston, GA, USA","(30.7918613, -83.7898868)"
"burleson, TX, USA","(30.4764878, -96.6353488)"
"argyle, TX, USA","(33.110156, -97.17975755648095)"
"playa vista, CA, USA","(33.9760102, -118.4181654)"
"kilgore, TX, USA","(32.3860733, -94.8758518)"
"kernersville, NC, USA","(36.1198589, -80.0736533)"
"inglewood, CA, USA","(33.9562003, -118.353132)"
"silver springs shores, FL, USA","(29.1044237, -82.0206428)"
"lindale, TX, USA","(32.5156971, -95.4093998)"
"stockton, NY, USA","(42.317558, -79.355879)"
"cleveland, VA, USA","(36.9440023, -82.1518927)"
"cambria heights, NY, USA","(40.6945474, -73.7384653)"
"crockett, CA, USA","(38.036666, -122.20531126326466)"
"springfield gardens, NY, USA","(40.678159, -73.746521)"
"san gabriel, CA, USA","(34.0990995, -118.1085554)"
"little valley, NY, USA","(42.252563, -78.80559)"
"south dayton, NY, USA","(42.3611589, -79.0489666)"
"portland, MI, USA","(42.8692006, -84.9030517)"
"hahira, GA, USA","(30.9913064, -83.3726575)"
"scranton, PA, USA","(41.4086874, -75.6621294)"
"colonie, NY, USA","(42.7178558, -73.8334554)"
"north lauderdale, FL, USA","(26.217305, -80.2258811)"
"vergennes, VT, USA","(44.1681052, -73.2518037)"
"apison, TN, USA","(35.023964, -85.0238375)"
"etsu, TN, USA","(36.3022214, -82.36945750910178)"
"margate, FL, USA","(26.2445263, -80.206436)"
"leander, TX, USA","(30.5736134, -97.8567339)"
"stoutsville, OH, USA","(39.6047852, -82.8290631)"
"leetonia, OH, USA","(40.8772816, -80.7553556)"
"ocoee, FL, USA","(28.5694468, -81.5441944)"
"coulter, IA, USA","(42.7368707, -93.3698315)"
"lookout mountain, TN, USA","(34.9942422, -85.3494027)"
"seabrook, TX, USA","(29.5633199, -95.019723)"
"kenmore, NY, USA","(42.961748, -78.870914)"
"zanesville, OH, USA","(39.9401426, -82.005019)"
"golden oak, FL, USA","(28.4010325, -81.54079235539356)"
"maitland, FL, USA","(28.6275253, -81.3656419)"
"college park, MD, USA","(38.980666, -76.9369189)"
"redondo beach, CA, USA","(33.8455911, -118.3886766)"
"pittsfield twp, MI, USA","(42.2103174, -83.7241068)"
"eagle rock, CA, USA","(34.1390325, -118.2140958)"
"smyrna, TN, USA","(35.9824598, -86.5199492)"
"san fernando, CA, USA","(34.28497, -118.437652)"
"allentown city, PA, USA","(40.5705415, -75.4885415)"
"ave, WA, USA","(47.4709566, -122.211507)"
"fairfield, VT, USA","(44.8016619, -72.9451777)"
"brandywine, MD, USA","(38.693454849999995, -76.88430810208973)"
"springdale, OH, USA","(39.287002, -84.4852213)"
"springport, MI, USA","(42.378372, -84.6985883)"
"olivet, MI, USA","(42.4414273, -84.9241542)"
"crooksville, OH, USA","(39.7689573, -82.0920868)"
"chapel hill, NC, USA","(35.9131542, -79.05578)"
"cypress, TX, USA","(29.9691116, -95.6971686)"
"city of vista, CA, USA","(34.0084332, -118.424222)"
"logan, OH, USA","(40.4430521, -83.7414465)"
"emmalena, KY, USA","(37.3366744, -83.0766889)"
"springfield, VA, USA","(38.7791227, -77.1861196)"
"sea ranch lakes, FL, USA","(26.2008949, -80.09817852601626)"
"queen city, TX, USA","(33.1487411, -94.150187)"
"bellevue, MI, USA","(42.4437685, -85.0179986)"
"von ormy, TX, USA","(29.286868, -98.6482144)"
"northlake, TX, USA","(33.1273432, -97.2655726)"
"lakeside, TX, USA","(32.8223501, -97.4933548)"
"sinclairville, NY, USA","(42.263947, -79.258656)"
"sunset beach, CA, USA","(33.7179231, -118.0706056)"
"vermontville, MI, USA","(42.6289247, -85.0241621)"
"jonesborough, TN, USA","(36.2944928, -82.4734089)"
"kingston, OH, USA","(39.4739514, -82.9107333)"
"newport beach, CA, USA","(33.6170092, -117.9294401)"
"pete beach, FL, USA","(27.7253065, -82.741212)"
"menands, NY, USA","(42.6920233, -73.7245639)"
"goulds, FL, USA","(25.5628845, -80.3821916)"
"somerset, TX, USA","(29.2263504, -98.6577985)"
"malba, NY, USA","(40.7906569, -73.8268009)"
"biscayne, FL, USA","(25.4643962, -80.3347359)"
"china grove, TX, USA","(29.3888459, -98.3489023)"
"columbia, MD, USA","(39.1938429, -76.86460919353361)"
"sumner, WA, USA","(47.2061882, -122.2312383)"
"dacono, CO, USA","(40.0847062, -104.939421)"
"ruston, WA, USA","(47.2994854, -122.506947)"
"fertile, IA, USA","(43.2640892, -93.4201333)"
"zionsville, IN, USA","(39.950724, -86.2616968)"
"needmore, TN, USA","(35.5453524, -87.2336214)"
"east palo alto, CA, USA","(37.4688273, -122.141075)"
"waverly hall, GA, USA","(32.6833065, -84.7380141)"
"ft. worth, TX, USA","(32.753177, -97.3327459)"
"bonnyman, KY, USA","(37.2898169, -83.2362862)"
"nickelsville, VA, USA","(36.7517919, -82.4167366)"
"frewsburg, NY, USA","(42.0545029, -79.1581019)"
"rome, ME, USA","(44.585088, -69.869614)"
"norridgewock, ME, USA","(44.713074, -69.790649)"
"pegram, TN, USA","(36.100615, -87.0511151)"
"dwarf, KY, USA","(37.3350958, -83.1312813)"
"port st lucie, FL, USA","(27.2939333, -80.3503283)"
"huntington, UT, USA","(39.3266354, -110.964611)"
"leon valley, TX, USA","(29.4952307, -98.6186317)"
"napa, CA, USA","(38.2971367, -122.2855293)"
"mousie, KY, USA","(37.4184323, -82.8782174)"
"roy, WA, USA","(47.0042643, -122.539846)"
"duncanville, TX, USA","(32.6518004, -96.9083366)"
"kindred, FL, USA","(27.1925998, -80.2502447)"
"garner, NC, USA","(35.7112642, -78.6141709)"
"yeaddiss, KY, USA","(37.0687041, -83.2176742)"
"st pete, FL, USA","(27.7253065, -82.741212)"
"kannapolis, NC, USA","(35.4874708, -80.621438)"
"tuckahoe, NY, USA","(40.9503764, -73.827356)"
"lutz, FL, USA","(28.1511243, -82.4614831)"
"temescal valley, CA, USA","(33.762796, -117.485323)"
"pacific, WA, USA","(46.5334929, -123.768029)"
"del valle, TX, USA",
"north syracuse, NY, USA","(43.13479, -76.129924)"
"yarrow pt, WA, USA","(47.64621, -122.2173461)"
"thurston, OH, USA","(39.8403419, -82.5459933)"
"dunn loring, VA, USA","(38.894646, -77.22944188099822)"
"edwards, IL, USA","(38.410254, -88.0584362)"
"fort myers, FL, USA","(26.640628, -81.8723084)"
"cape haze, FL, USA","(26.8503433, -82.2942613)"
" , NY, USA","(43.1561681, -75.8449946)"
"saranac, MI, USA","(42.9292232, -85.2129031)"
"muskegon, MI, USA","(43.2484584, -86.129351)"
"valley glen, CA, USA","(34.1826379, -118.4138666)"
"rosedale, VA, USA","(36.9592782, -81.9312351)"
"neponsit, NY, USA","(40.572873200000004, -73.86019612553424)"
"lancaster, TX, USA","(32.5920798, -96.7561083)"
"superior twp, MI, USA","(42.3049933, -83.6041183)"
"mukilteo, WA, USA","(47.9474034, -122.3036992)"
"fresh meadows, NY, USA","(40.7348246, -73.7934668)"
"seaside, CA, USA","(36.62593, -121.8169260491048)"
"crouse, NC, USA","(35.4209672, -81.3053602)"
"fairfield twp., NJ, USA","(39.3889618, -75.2141953)"
"hilshire village, TX, USA","(29.7907833, -95.4891081)"
"morrisville, NC, USA","(35.824341, -78.8300321)"
"swanton, VT, USA","(44.9181593, -73.1242364)"
"st louis, MO, USA","(38.6280278, -90.1910154)"
"piney flats, TN, USA","(36.4195491, -82.3040262)"
"berwyn heights, MD, USA","(38.9939991, -76.9105292)"
"campbell, CA, USA","(37.2870626, -121.944881)"
"horizon, TX, USA","(30.5378594, -98.3532773)"
"tustin, CA, USA","(33.7458511, -117.826166)"
"seagoville, TX, USA","(32.6447916, -96.5418608)"
"sherwood forest, CA, USA","(39.1843138, -121.0829634)"
"kirkersville, OH, USA","(39.9595081, -82.5957182)"
"kearns, UT, USA","(40.6528603, -112.004618)"
"lake view terrace, CA, USA","(34.2763908, -118.3611912)"
"lamont, FL, USA","(30.3774792, -83.813686)"
"bellerose vlg, NY, USA",
"coeburn, VA, USA","(36.9439917, -82.4640401)"
"columbia twp, OH, USA","(39.17113165, -84.40877575210274)"
"belmond, IA, USA","(42.8459977, -93.6143413)"
"cane ridge, TN, USA","(35.6615561, -83.8713848)"
"maple valley, WA, USA","(47.3664231, -122.0437127)"
"red bank, TN, USA","(35.1167484, -85.2925214)"
"dorchester center, MA, USA","(42.2917651, -71.0717173)"
"eaton park, FL, USA","(28.0085839, -81.9075531)"
"mayfield hts, OH, USA","(41.5192189, -81.457896)"
"seminole, FL, USA","(28.7225829, -81.2353683)"
" , FL, USA","(27.7567667, -81.4639835)"
"rocky point, FL, USA","(27.9789232, -80.5509061)"
"south bloomfield, OH, USA","(39.7183962, -82.9868489)"
"southside place, TX, USA","(29.7060634, -95.4368849)"
"solvay, NY, USA","(43.0581222, -76.2074263)"
"milton, WA, USA","(47.2481166, -122.312837)"
"singleton, TX, USA","(30.6521413, -95.958564)"
"canyon, TX, USA","(34.9799429, -101.919197)"
"riverdale, MD, USA","(38.9615103, -76.9296515)"
"edgewood, FL, USA","(28.4782098, -81.3701817)"
"other city - in the state of florida, FL, USA",
"laurel, MD, USA","(39.0984317, -76.8485094)"
"mount gilead, NC, USA","(35.2148671, -80.0022784)"
"rushville, OH, USA","(39.76451, -82.4315441)"
"alvin, TX, USA","(29.4238472, -95.2441009)"
"seffner, FL, USA","(27.998541000000003, -82.27488400225634)"
"savage, MD, USA","(39.1370984, -76.8249361)"
"bow mar, CO, USA","(39.628321, -105.049984)"
"champions gate, FL, USA","(28.254597, -81.624737)"
"perrysburg, NY, USA","(42.45645, -79.001981)"
"woodland, MI, USA","(42.7267014, -85.1336129)"
"shadow hills, CA, USA","(34.6524891, -117.4533837)"
"hyden, KY, USA","(37.1609254, -83.3732373)"
"la pine, OR, USA","(43.6703995, -121.503636)"
"pharr, TX, USA","(26.1947962, -98.1836216)"
"coolidge, GA, USA","(31.0112991, -83.8662821)"
"greenville, FL, USA","(30.4694812, -83.6299688)"
"summerlin, NV, USA","(36.1913186, -115.3019248)"
"kew gardens hills, NY, USA","(40.7302467, -73.8184806)"
"north tustin, CA, USA","(33.764462, -117.7939431)"
"rowlett, TX, USA","(32.9029017, -96.56388)"
"fairfield, MT, USA","(47.614673, -111.980279)"
"dripping springs, TX, USA","(30.1902067, -98.0866781)"
"north bethesda, MD, USA","(39.0461292, -77.1130097)"
"huntingdon valley, PA, USA","(40.1226101, -75.0635049)"
"china spring, TX, USA","(31.6521492, -97.3078187)"
"reston, VA, USA","(38.953055899999995, -77.35021396591173)"
"mount charleston, NV, USA","(36.264120649999995, -115.60553235122791)"
"edgewater, CO, USA","(39.7457238, -105.0621833)"
"mulliken, MI, USA","(42.762257, -84.8963815)"
"spicewood, TX, USA","(30.4759222, -98.1566355)"
"waltham, VT, USA","(44.12589065, -73.23344498851795)"
"homer, MI, USA","(42.1461479, -84.8092709)"
"dell city, TX, USA","(31.9389496, -105.2011396)"
"jamestown, CO, USA","(40.1155412, -105.388605)"
"park hills heights, CA, USA",
"palm city, FL, USA","(27.1713925, -80.28422171034893)"
"vegas, NV, USA","(36.1672559, -115.148516)"
"norwood, OH, USA","(39.1556149, -84.4596641)"
"bulan, KY, USA","(37.3014845, -83.1648938)"
"clinton, WA, USA","(47.9779507, -122.3560103)"
"panton, VT, USA","(44.1487741, -73.3409047)"
"honaker, VA, USA","(37.016222, -81.9742921)"
"sammamish, WA, USA","(47.6017554, -122.0416844)"
"parkland, WA, USA","(47.140241, -122.44163130607836)"
"los feliz l, CA, USA","(34.1076561, -118.2875062)"
"gaithersburg, MD, USA","(39.1399187, -77.1929215)"
"playa, DE, USA","(17.9841575, -66.6166978)"
"glassell park, CA, USA","(34.1161201, -118.2289627)"
"powell, OH, USA","(40.1578403, -83.0751869)"
"new hudson, MI, USA","(42.511726, -83.6156648)"
"n miami beach, FL, USA","(25.9331488, -80.1625463)"
"keller, TX, USA","(32.9299655, -97.2271249)"
"canarsie, NY, USA","(40.643715, -73.9006921)"
"oak, TX, USA","(30.1146494, -94.6427665)"
"fletcher, VT, USA","(44.6834039, -72.9142256)"
"watkinsville, GA, USA","(33.8628959, -83.4087709)"
"sa, TX, USA","(29.9787243, -95.3125436)"
"fruit cove, FL, USA","(30.1012477, -81.6184195)"
"lewis center, OH, USA","(40.1983958, -83.0101843)"
"troy, TX, USA","(31.2046542, -97.3003176)"
"odessa, FL, USA","(28.1899721, -82.5755788)"
"cleburne, TX, USA","(32.35747395, -97.40919609841052)"
"midlothian, TX, USA","(32.4625197, -96.98257201520858)"
"clifton, CO, USA","(39.080073, -108.45927739249896)"
"westerville, OH, USA","(40.126139, -82.9295287)"
"s.a., TX, USA","(31.140438, -101.607785)"
"nora, VA, USA","(37.0709394, -82.3473677)"
"freeland, MI, USA","(43.5250265, -84.1227598)"
"new carrollton, MD, USA","(38.9698329, -76.8799727)"
"laurelville, OH, USA","(39.473397, -82.7393363)"
"mayfield village, OH, USA","(41.5595437, -81.4439274)"
"saranac vlg, MI, USA",
"sunrise manor, NV, USA","(36.1830875, -115.02796403836633)"
"cassadaga, NY, USA","(42.344225, -79.309489)"
"dolgeville, NY, USA","(43.100983, -74.772949)"
"meservey, IA, USA","(42.9120163, -93.4780538)"
"e. new york, NY, USA","(40.6667702, -73.8823583)"
"drift, KY, USA","(37.4803778, -82.7476587)"
"asheville city, NC, USA","(35.595451800000006, -82.54838658109644)"
"black diamond, WA, USA","(47.3083078, -122.0037583)"
"grants pass, OR, USA","(42.4393707, -123.3272489)"
"pembroke, ME, USA","(44.9536891, -67.1619293)"
"mountain springs, NV, USA","(36.0185311, -115.506861)"
"st. george, UT, USA","(37.104153, -113.584131)"
"hernando county, FL, USA","(28.5710156, -82.4605068)"
"other city value - out of area, TX, USA",
"monkton, VT, USA","(44.2338247, -73.13544560944626)"
"okahumpka, FL, USA","(28.745642, -81.89620281659585)"
"highland, MD, USA","(39.5209339, -77.518043)"
"arden, NC, USA","(35.4661821, -82.5164242)"
"bellevue, TN, USA","(36.0647825, -86.9394464)"
"swords creek, VA, USA","(37.0362229, -81.9179008)"
"glendale, OR, USA","(42.7362273, -123.4233943)"
"huntington, VT, USA","(44.3251942, -72.9868075)"
"sugar grove, OH, USA","(39.6264539, -82.5484932)"
"alviso, CA, USA","(37.426051, -121.9752373)"
"hinesburg, VT, USA","(44.329251, -73.111267)"
"hallsville, TX, USA","(32.5043161, -94.5740934)"
"lizella, GA, USA","(32.8070842, -83.8199072)"
"flint, TX, USA","(32.2031228, -95.3489561)"
"dante, VA, USA","(36.9784384, -82.2976424)"
"bessemer city, NC, USA","(35.284733, -81.283906)"
"belllingham, WA, USA",
"jeff, KY, USA","(37.2050956, -83.136281)"
"eagle lake, FL, USA","(27.9783565, -81.7564688)"
"pleasanton, TX, USA","(28.967194, -98.4786269)"
"elmwood place, OH, USA","(39.1872809, -84.4879985)"
"spring valley, NV, USA","(36.0997835, -115.26166675899091)"
"charlotte, ME, USA","(45.021612, -67.245941)"
"homestead, FL, USA","(25.4718946, -80.4759905)"
"silver creek, NY, USA","(42.544225, -79.166707)"
"venice, FL, USA","(27.0998315, -82.4442832)"
"lorena, TX, USA","(31.3865592, -97.2155596)"
"mead, WA, USA","(47.7673923, -117.354939)"
"matlacha isles, FL, USA","(26.639832, -82.05059632323857)"
"fulshear, TX, USA","(29.690292, -95.8996261)"
"fort pierce, FL, USA","(27.4467056, -80.3256056)"
"santa ana, TN, USA","(33.7494951, -117.873221)"
"bermuda dunes, CA, USA","(33.7438202, -116.2863072)"
"browns summit, NC, USA","(36.2126351, -79.7136413)"
"martinez, GA, USA","(33.5185135, -82.09020821665078)"
"brighton, MA, USA","(42.3473519, -71.15511187446644)"
"clarksville, MI, USA","(42.8422556, -85.2425097)"
"leicester, NC, USA","(35.6551074, -82.6962438)"
"hollywood hills east, CA, USA","(35.9470992, -83.981031)"
"yarrow point, WA, USA","(47.64621, -122.2173461)"
"geddes, NY, USA","(43.0762244, -76.2251989)"
"williamsburg, NY, USA","(40.714622, -73.95345)"
"bed-stuy, NY, USA","(40.6834364, -73.9412488)"
"rye, CO, USA","(37.9236194, -104.9302662)"
"berkshire, VT, USA","(44.9715357, -72.7743747)"
"oklawaha, FL, USA","(26.9339101, -80.1153347)"
"el cenizo, TX, USA","(27.3320332, -99.5020148)"
"rising fawn, GA, USA","(34.7600791, -85.531076)"
"lake los angeles, CA, USA","(34.6124905, -117.828119)"
"bedias, TX, USA","(30.7757486, -95.949397)"
"st. johns, FL, USA","(29.9032284, -81.4145468)"
"olalla, WA, USA","(47.4305404, -122.5429467)"
"lyon township, MI, USA","(44.48288685, -84.7928791358965)"
"jarrell, TX, USA","(30.8249094, -97.604454)"
"poteet, TX, USA","(29.0391241, -98.5748412)"
"ceresco, MI, USA","(42.2719866, -85.0613739)"
"blue diamond, NV, USA","(36.0463715, -115.405633)"
"fairfax station, VA, USA","(38.800859, -77.3256803)"
"kimberlin heights, TN, USA","(35.9306418, -83.7512873)"
"pt arthur, TX, USA","(29.8716577, -93.9332302)"
"san leon, TX, USA","(29.4867411, -94.9215842)"
"cleveland, UT, USA","(39.3489213, -110.8517022)"
"grundy, VA, USA","(37.2783758, -82.0998105)"
"roseville, OH, USA","(39.803996, -82.072306)"
"sweetwater, FL, USA","(25.7634334, -80.3731086)"
"taylor landing, TX, USA","(29.8727741, -94.142959)"
"point richmond, CA, USA","(37.9240915, -122.3891383)"
"johns, FL, USA","(30.31264555, -81.60675726763463)"
"white plains, MD, USA","(38.3717842, -75.5457562)"
"elmendorf, TX, USA","(29.2560731, -98.3327903)"
"west chester, OH, USA","(39.3303357, -84.408275)"
"sheldon, VT, USA","(44.8815269, -72.9434772)"
"whallonsburg, NY, USA","(44.2642179, -73.4029061)"
"accokeek, MD, USA","(38.6676168, -77.0283092)"
"woodland, GA, USA","(32.7873561, -84.5618671)"
"magna, UT, USA","(40.7031629, -112.081648)"
"clint, TX, USA","(31.5900742, -106.227871)"
"mendota, VA, USA","(36.7109367, -82.3015299)"
"romayor, TX, USA","(30.4504565, -94.8421051)"
"elmira, CA, USA","(38.3526, -121.91076582266548)"
"raven, VA, USA","(37.0870572, -81.8551195)"
"arrington, TN, USA","(35.8676656, -86.7096095)"
"ochlocknee, GA, USA","(30.9737997, -84.0529518)"
"lisle, IL, USA","(41.801159, -88.0747687)"
"kenwood, CA, USA","(38.4138005, -122.546093)"
"saint lucie west, FL, USA","(27.313710800000003, -80.38869355304155)"
"caldwell, NC, USA","(35.9417876, -81.5262567)"
"los altos hills, CA, USA","(37.3796627, -122.137463)"
"santa monica, CA, USA","(34.0194704, -118.491227)"
"new albany, OH, USA","(40.0811745, -82.8087864)"
"kagel canyon, CA, USA","(34.3059874, -118.3780976)"
"south houston, TX, USA","(29.663008, -95.2354902)"
"sansom park, TX, USA","(32.8059619, -97.4030744)"
"walton hills, OH, USA","(41.36561, -81.561232)"
"highland, CA, USA","(34.11213, -117.1807973)"
"virginia gardens, FL, USA","(25.8103758, -80.3022732)"
"suwannee, FL, USA","(30.2101192, -82.9873377)"
"bartlett, TN, USA","(35.2045329, -89.8739753)"
"doctor philips, FL, USA",
"opa-locka, FL, USA","(25.9023168, -80.2503271)"
"alys beach, FL, USA","(30.2841326, -86.030005)"
"pierce township, OH, USA","(39.01964805, -84.26137309608956)"
"elizabethton, TN, USA","(36.3487756, -82.2107617)"
"riverdale, NY, USA","(40.90056, -73.90639)"
"germantown, TN, USA","(35.0867577, -89.8100858)"
"clarksville, MD, USA","(39.2065447, -76.9429182)"
"jamaica estates, NY, USA","(40.71334555, -73.78251095420785)"
"lorton, VA, USA","(38.700202000000004, -77.23953597604464)"
"dowling, MI, USA","(42.5225362, -85.2530589)"
"sassafras, KY, USA","(37.2206523, -83.0551656)"
"stowe, PA, USA","(40.25241235, -75.68123680703306)"
"bonaire, GA, USA","(32.5438429, -83.5960264)"
"sloan, NY, USA","(42.895461, -78.794062)"
"lincoln, VT, USA","(44.1058196, -72.9971373)"
"rockbridge, OH, USA","(39.5797876, -82.5221027)"
"redford township, MI, USA","(42.3945469, -83.2953927)"
"hillsborough, NC, USA","(36.0752088, -79.0992085)"
"lupton city, TN, USA","(35.1057126, -85.2642639)"
"leona valley, CA, USA","(34.618321, -118.288133)"
"houston, PA, USA","(40.2464593, -80.2114472)"
"brookside vl, TX, USA",
"whitsett, NC, USA","(36.0712466, -79.5644686)"
"shasta, CA, USA","(40.7965121, -121.9979194)"
"brooklyn heights, OH, USA","(41.4213632, -81.6774726)"
"thornton, IA, USA","(42.9438559, -93.3827448)"
"cold creek, NV, USA","(36.4140688, -115.740281)"
"sundance, UT, USA","(37.418649, -113.6376564)"
"winchester, NV, USA","(36.1299779, -115.1188894)"
"nolanville, TX, USA","(31.0787888, -97.6055694)"
"cooleemee, NC, USA","(35.8104164, -80.5558942)"
"hanoverton, OH, USA","(40.7511704, -80.937032)"
"hedwig village, TX, USA","(29.7799318, -95.5187202)"
"apopka, FL, USA","(28.678013, -81.511398)"
"selma, TX, USA","(29.5848923, -98.305779)"
"tega cay, SC, USA","(35.024312, -81.0278546)"
"richwood, TX, USA","(29.0560789, -95.4099403)"
"piedmont, CA, USA","(37.8243715, -122.231635)"
"rockwell, IA, USA","(42.9850635, -93.1881341)"
"glenn dale, MD, USA","(38.9876104, -76.8205265)"
"jacinto city, TX, USA","(29.7673433, -95.2336723)"
"milpitas, CA, USA","(37.4332273, -121.8989248)"
"lily dale, NY, USA","(42.3517246, -79.3242113)"
"san benito, TX, USA","(26.1326237, -97.630791)"
"cambridge, VT, USA","(44.6438028, -72.8294135)"
"sherman vlg, CA, USA",
"langley, KY, USA","(37.5317655, -82.7907157)"
"biola, CA, USA","(36.800467499999996, -120.02009155128206)"
"fairmount heights, MD, USA","(38.9011623, -76.9116989)"
"bensalem, PA, USA","(40.1045549, -74.951279)"
"kennedy, NY, USA","(42.1572816, -79.1019877)"
"dunedin, FL, USA","(28.0116627, -82.7893788)"
"kendall, FL, USA","(25.6792695, -80.3172743)"
"delton, MI, USA","(42.4997581, -85.4080641)"
"quartz hill, CA, USA","(34.6452645, -118.2181308)"
"leburn, KY, USA","(37.3481539, -82.9551631)"
"spring, TN, USA","(48.955460450000004, -122.23773295507027)"
"downs, IL, USA","(40.39698, -88.8706291)"
"brant, NY, USA","(42.5883898, -79.0175284)"
"charlotte, NY, USA","(42.3009717, -79.2318941)"
"iola, TX, USA","(30.7712197, -96.0756469)"
" , BA, USA","(37.2113342, -98.7033263)"
"st albans city, VT, USA","(44.8107911, -73.0833607)"
"bullard, TX, USA","(32.1403019, -95.3221898)"
"chimney rock, NC, USA","(35.4327295, -82.2503096)"
"paradise, NV, USA","(36.1011223, -115.1479329)"
"shady shores, TX, USA","(33.1678563, -97.0298684)"
"altamonte springs, FL, USA","(28.6649055, -81.37626861372098)"
"mayfield, OH, USA","(41.541872, -81.439452)"
"grapevine, TX, USA","(32.9337381, -97.0788754)"
"dixie, GA, USA","(33.5734503, -83.7701787)"
"millican, TX, USA","(30.4674003, -96.2019014)"
"hollis hills, NY, USA","(40.735050900000005, -73.75165051695714)"
"northfield twp, MI, USA","(42.3867084, -83.7211422)"
"troutman, NC, USA","(35.7005832, -80.8882314)"
"chestnut hill, MA, USA","(42.3306529, -71.1661647)"
"outside area (outside ca), TN, USA",
"seal beach, CA, USA","(33.7423967, -118.1055926)"
"pounding mill, VA, USA","(37.0753922, -81.7087247)"
"ponte vedra beach, FL, USA","(30.2274645, -81.3800824)"
"bonita spgs, FL, USA",
"irving, NY, USA","(42.5675589, -79.1128169)"
"poway, CA, USA","(32.9628234, -117.035864)"
"briaroaks, TX, USA","(32.5034724, -97.3050152)"
"fulton, MD, USA","(39.1509408, -76.9230307)"
"normal, IL, USA","(40.5092961, -88.9843937)"
"de witt, NY, USA","(43.0386776, -76.0729775)"
"harvey, IL, USA","(41.6100344, -87.6467132)"
"millwood, WA, USA","(47.6861589, -117.2826674)"
"brookline, MA, USA","(42.3329021, -71.1187421)"
"stafford, TX, USA","(29.6160671, -95.5577221)"
"dorchester, MA, USA","(42.301376000000005, -71.06127441375656)"
"princeton, TX, USA","(33.1801161, -96.4980424)"
"sheffield, IA, USA","(42.8933721, -93.2154756)"
"wayland, KY, USA","(37.4450997, -82.8051601)"
"seabeck, WA, USA","(47.6101945, -122.8529074)"
"cypress hills, NY, USA","(40.6770477, -73.8912474)"
"granville, OH, USA","(40.0681192, -82.5196037)"
"county los angeles, CA, USA","(34.3155072, -118.209681)"
"glendale, UT, USA","(40.7383958, -111.9341863)"
"union city, CA, USA","(37.5872576, -122.0215737)"
"rowe, VA, USA","(37.1362218, -82.0326294)"
"lantana, TX, USA","(33.0935112, -97.1200046)"
"valrico, FL, USA","(27.9484265, -82.23621545220522)"
"other city not in the state of florida, FL, USA",
"great falls, VA, USA","(38.9981653, -77.2883157)"
"new hanover, PA, USA","(40.2978759, -75.5812935)"
"east durham, NC, USA","(35.984211099999996, -78.87211221943079)"
"midland, NC, USA","(35.2273656, -80.5006219)"
"elmo, UT, USA","(39.389691, -110.815161)"
"east liverpool, OH, USA","(40.6186756, -80.5772928)"
"brighton, UT, USA","(40.6018223, -111.583314)"
"bee caves, TX, USA","(30.2432998, -97.87691308972603)"
"morningside, MD, USA","(38.8279569, -76.8878103)"
"britt, IA, USA","(43.096967, -93.8019285)"
"rosharon, TX, USA","(29.3521203, -95.460341)"
"bonita, CA, USA","(32.6649141, -117.01703339579691)"
"burtonsville, MD, USA","(39.1096795, -76.93049275520698)"
"sunset valley, TX, USA","(30.2258039, -97.8149651)"
"rio bravo, TX, USA","(27.3641887, -99.4800415)"
"columbia township, OH, USA","(39.17113165, -84.40877575210274)"
"saint bernard, OH, USA","(39.167001, -84.4985573)"
"iron station, NC, USA","(35.4415237, -81.1561898)"
"bellerose manor, NY, USA",
"eastvale, CA, USA","(33.9747067, -117.566541)"
"williston, FL, USA","(29.3880028, -82.4481694)"
"fleming island, FL, USA","(24.5810655, -81.79636733317399)"
"bay ridge, NY, USA","(40.6320062, -74.0232101)"
"arlington, TN, USA","(35.2964487, -89.6617313)"
"st unit, FL, USA",
"white oak, TX, USA","(32.5271582, -94.8609684)"
"eggertsville, NY, USA","(42.9635834, -78.8042021)"
"somerset, OH, USA","(39.8072327, -82.2992712)"
"roxbury, MA, USA","(42.3248426, -71.0950158)"
"lower east side, NY, USA","(40.7159357, -73.9868057)"
"stanwood, WA, USA","(48.24216, -122.3520327)"
"willsboro, NY, USA","(44.357488, -73.392105)"
"east flatbush, NY, USA","(40.6537148, -73.9304151)"
"north college hill, OH, USA","(39.2183911, -84.5507778)"
"new waterford, OH, USA","(40.845061, -80.6145165)"
"merrifield, VA, USA","(38.876757, -77.24329722907368)"
"cheney, WA, USA","(47.4892246, -117.579304)"
"prunedale, CA, USA","(36.7851358, -121.666641)"
"saugus, CA, USA","(34.4493489, -118.5168257)"
"lake view ter, CA, USA","(34.2763908, -118.3611912)"
"idyllwild, CA, USA","(33.7402774, -116.718942)"
"clarion, IA, USA","(42.7317899, -93.7321871)"
"graysville, GA, USA","(34.9764644, -85.1413409)"
"vinings, GA, USA","(33.8648262, -84.4643744)"
"arden, NV, USA","(36.018061, -115.230887)"
"garrett park, MD, USA","(39.0342764, -77.0951454)"
"dows, IA, USA","(42.6563906, -93.5009286)"
"little elm, TX, USA","(33.1626194, -96.9375051)"
"un-incorporated broward county, FL, USA",
"splendora, TX, USA","(30.2329914, -95.1610438)"
"bakersfield, VT, USA","(44.782149, -72.801583)"
"glenwillow, OH, USA","(41.361721, -81.46956)"
"thompson, IA, USA","(43.3713835, -93.7709056)"
"emmett township, MI, USA","(43.0289035, -82.81108959927309)"
"lincoln heights, CA, USA","(34.0726552, -118.2111954)"
"city center, NV, USA",
"reading, OH, USA","(39.2236694, -84.4421641)"
"east harlem, NY, USA","(40.7947222, -73.9425)"
"laguna vista, TX, USA","(26.1009111, -97.2902543)"
"lake villa, IL, USA","(42.4169651, -88.0739708)"
"bay harbor is, FL, USA","(26.1509185, -80.1178222)"
"south ogden, UT, USA","(41.1912782, -111.9678627)"
"starksboro, VT, USA","(44.2273281, -73.0568483)"
"pavo, GA, USA","(30.9595529, -83.73786064660365)"
"pt isabel, TX, USA","(26.0734119, -97.2085844)"
"weatherford, TX, USA","(32.7589648, -97.7970748)"
"indian shores, FL, USA","(27.862801, -82.8484373)"
"crestline, CA, USA","(34.2495525, -117.29389561188812)"
"palm beach gardens, FL, USA","(26.8233946, -80.1386547)"
"perdido key, FL, USA","(30.3180487, -87.42592753140273)"
"smithville, IN, USA","(39.0711593, -86.5069398)"
"hide a way hills, OH, USA","(39.6431486, -82.4668483)"
"jackson township, OH, USA","(40.86301455, -81.48119364995432)"
"hastings on hudson, NY, USA","(40.9946622, -73.8785922)"
"silver lakes, CA, USA","(34.7444269, -117.34518481876177)"
"park slope, NY, USA","(40.6701033, -73.9859723)"
"cheverly, MD, USA","(38.928167, -76.915807)"
"hallandale beach, FL, USA","(25.98584285, -80.14118350866113)"
"manvel, TX, USA","(29.4664706, -95.355714)"
"johnson city, NY, USA","(42.1157038, -75.9587873)"
"jacksonville, OR, USA","(42.314411, -122.965346)"
"unincorporated broward county, FL, USA",
"hueysville, KY, USA","(37.4951104, -82.843615)"
"west panama city beach, FL, USA","(30.1765914, -85.8054879)"
"la marque, TX, USA","(29.3685674, -94.9713134)"
"erie county, NY, USA","(42.7164263, -78.7620327)"
"carrollwood, FL, USA","(28.059017599999997, -82.51339612827047)"
"forest park, GA, USA","(33.6220542, -84.3690918)"
"edgewater, FL, USA","(28.961613749999998, -80.98504467153403)"
"eaton rapids, MI, USA","(42.5092039, -84.655814)"
" , NC, USA","(35.6729639, -79.0392919)"
"college grove, TN, USA","(35.8911848, -84.6207712)"
"bexar co, TX, USA","(29.4263987, -98.5104781)"
"celoron, NY, USA","(42.109494, -79.2831684)"
"saratoga, CA, USA","(37.2638324, -122.0230146)"
"del sur, CA, USA","(34.6897069, -118.2886882)"
"charlestown, MA, USA","(42.3778749, -71.0619957)"
"bushwick, NY, USA","(40.6942696, -73.9187482)"
"christiana, TN, USA","(35.7100099, -86.3993653)"
"coldspring, TX, USA","(30.592421, -95.1293818)"
"alto, CA, USA","(37.9043701, -122.5255306)"
"shaker hts, OH, USA","(41.4739419, -81.5370671)"
"lakewood twp., NJ, USA","(40.0978929, -74.2176435)"
"port isabel, TX, USA","(26.0734119, -97.2085844)"
"lennox, CA, USA","(33.9390306, -118.3574427)"
"mt washington, PA, USA","(40.4309025, -80.0103312)"
"jc, TN, USA","(35.8913092, -85.7071207)"
"onon hill, NY, USA",
"mount hamilton, CA, USA","(37.3418834, -121.6430017)"
"bonny doon, CA, USA","(37.0416156, -122.1505224)"
"jefferson count, FL, USA",
"swartz creek, MI, USA","(42.9572508, -83.8305144)"
"winona, OH, USA","(40.8281147, -80.8961966)"
"dungannon, VA, USA","(36.830358, -82.4660656)"
"madeira, OH, USA","(39.1908926, -84.3635507)"
"highland village, TX, USA","(33.091788, -97.0466759)"
"hawley, TX, USA","(32.6133723, -99.8130377)"
"white cottage, OH, USA","(39.8717345, -82.0976412)"
"chautauqua county, NY, USA","(42.2894671, -79.421728)"
"town 'n' country, FL, USA","(28.0041425, -82.57021921991026)"
"los altos, CA, USA","(37.3790629, -122.116578)"
"wylie, TX, USA","(33.0151561, -96.5388038)"
"randolph, NY, USA","(42.162005, -78.975317)"
"archer, FL, USA","(29.5299677, -82.5189969)"
"vestal, NY, USA","(42.0850703, -76.053813)"
"enterprise, NV, USA","(36.0405373, -115.1899298)"
"rollingwood, TX, USA","(30.2742428, -97.7855814)"
"fallbrook, CA, USA","(33.3764196, -117.2511466)"
"rogers, OH, USA","(40.7914504, -80.6261833)"
"maple springs, NY, USA","(42.1966587, -79.4238826)"
"oakwood, VA, USA","(37.2134446, -82.0062398)"
"collierville, TN, USA","(35.042036, -89.6645266)"
"mount pleasant, GA, USA","(32.1840812, -81.8573369)"
"boerne, TX, USA","(29.7946641, -98.7319703)"
"hopewell, OH, USA","(39.9556228, -82.1706984)"
"citrus heights, CA, USA","(38.7071247, -121.2810611)"
"leland, IA, USA","(43.3370655, -93.6353513)"
"conover, NC, USA","(35.7065004, -81.2184383)"
"montclair, CA, USA","(34.0775104, -117.6897776)"
"strawberry plains, TN, USA","(36.0631414, -83.686011)"
"nyc, NY, USA","(40.7127281, -74.0060152)"
"orange, OH, USA","(41.449776, -81.480674)"
"west los angeles, CA, USA","(34.0468546, -118.430254)"
"great neck, NY, USA","(40.8006567, -73.7284647)"
"wolfforth, TX, USA","(33.5059189, -102.009057)"
"northville, MI, USA","(42.4310816, -83.4832339)"
"sugar land, TX, USA","(29.6196787, -95.6349463)"
"galena, NV, USA","(39.3910309, -119.7982059)"
"old brooklyn, OH, USA","(41.4416458, -81.7048873)"
"brooklyn heights, NY, USA","(40.696084850000005, -73.9950278391265)"
"lake buena vista, FL, USA","(28.38034955, -81.5297578369267)"
"noblesville, IN, USA","(40.0455918, -86.0085955)"
"sand lake, FL, USA","(28.7212799, -81.47203637579715)"
"eads, TN, USA","(35.2045325, -89.6492471)"
"indianola, WA, USA","(47.7514399, -122.522758)"
"fredonia, TN, USA","(35.399235, -85.4321894)"
"midwood, NY, USA","(40.6188823, -73.9654889)"
"shawnee, OH, USA","(39.6047915, -82.2115368)"
"springs, TX, USA","(33.106134850000004, -95.5966370970831)"
"san jacinto, CA, USA","(33.7839664, -116.9589086)"
"friendswood, TX, USA","(29.5293998, -95.2010447)"
"birchleaf, VA, USA","(37.1773311, -82.2720868)"
"mcgregor, TX, USA","(31.4367029, -97.4080875)"
"lone tree, CO, USA","(39.5364152, -104.9041528)"
"emigration canyon, UT, USA","(40.770046, -111.7592783)"
"havana, FL, USA","(30.6255617, -84.4153769)"
"krypton, KY, USA","(37.3112042, -83.3393462)"
"lake forest, CA, USA","(33.6469261, -117.6859213)"
"angola, NY, USA","(42.638393, -79.027816)"
"phila, PA, USA","(39.9261293, -75.2304318)"
"midkiff, TX, USA","(31.6329149, -101.83985)"
"mallie, KY, USA","(37.562722, -82.921555)"
"plato center, IL, USA","(42.0266929, -88.4300818)"
"ellery, NY, USA","(42.2072546, -79.3559218)"
"indian creek village, FL, USA",
"woodfin, NC, USA","(35.633444, -82.5820725)"
"sparr, FL, USA","(29.3385846, -82.1125927)"
"winter garden, FL, USA","(28.5656649, -81.5856742)"
"imperial, CA, USA","(33.0305487, -115.3595666)"
"uninc, NC, USA",
"cunningham, TN, USA","(36.3933851, -87.3872317)"
"intercession city, FL, USA","(28.2625124, -81.5078505)"
"largo, MD, USA","(38.8976121, -76.8302489)"
"summerfield, NC, USA","(36.2087468, -79.9047583)"
"woodville, FL, USA","(30.306878599999997, -84.26358800393604)"
"phillips ranch, CA, USA","(34.03453065, -117.77101729303646)"
"pooler, GA, USA","(32.1158983, -81.2495131)"
"newhall, CA, USA","(34.3798765, -118.5291917)"
"van buren point, NY, USA","(42.4489464, -79.4183789)"
"conifer, CO, USA","(39.5233424, -105.305499)"
"town north country, FL, USA",
"provo canyon, UT, USA","(40.2675069, -111.6366255)"
"greenville, MI, USA","(43.1775314, -85.2527987)"
"oviedo, FL, USA","(28.6702526, -81.2084941)"
"gettysburg, PA, USA","(39.8308973, -77.231012)"
"wooton, KY, USA","(37.1789823, -83.3021228)"
"shillington, PA, USA","(40.3078702, -75.9654896)"
"willow spring, NC, USA","(35.5957129, -78.7313999)"
"galloway, OH, USA","(39.9139207, -83.1633336)"
"baldwin hills, CA, USA","(34.0146113, -118.3603104)"
"bedford hts, OH, USA","(41.4143826, -81.5061146)"
"hillsboro beach, FL, USA","(26.2939687, -80.0789318)"
"dimondale, MI, USA","(42.6455931, -84.648949)"
"blue springs, MO, USA","(39.017316, -94.282265)"
